a+;weaksubj;positive
acungan;strongsubj;positive
ada;weaksubj;positive
adaptif;weaksubj;positive
adil;strongsubj;positive
afinitas;weaksubj;positive
afirmasi;weaksubj;positive
agilely;weaksubj;positive
agung;strongsubj;positive
ahli;weaksubj;positive
ahlinya;weaksubj;positive
ajaib;strongsubj;positive
akal;weaksubj;positive
aklamasi;weaksubj;positive
akomodatif;weaksubj;positive
aktif;weaksubj;positive
aktivasi;weaksubj;positive
akurat;strongsubj;positive
alam mimpi;strongsubj;positive
alhamdulillah;strongsubj;positive
allah;strongsubj;positive
allahu;weaksubj;positive
altruistis;weaksubj;positive
aman;strongsubj;positive
amanah;strongsubj;positive
amat;weaksubj;positive
ambisius;strongsubj;positive
amin;strongsubj;positive
ampun;weaksubj;positive
ampunan;strongsubj;positive
ampuni;strongsubj;positive
anak;weaksubj;positive
andal;weaksubj;positive
anggun;strongsubj;positive
angkat;weaksubj;positive
antusias;weaksubj;positive
antusiasme;weaksubj;positive
apik;weaksubj;positive
apresiasi;strongsubj;positive
asli;weaksubj;positive
aspirasi;weaksubj;positive
assalamualaikum;weaksubj;positive
asyik;strongsubj;positive
atas;weaksubj;positive
bagos;weaksubj;positive
bagus;strongsubj;positive
bahagia;strongsubj;positive
bahagiakan;strongsubj;positive
baik;strongsubj;positive
baik-baik;strongsubj;positive
bakat;strongsubj;positive
banget;weaksubj;positive
bangga;strongsubj;positive
bangkit;strongsubj;positive
bangun;weaksubj;positive
bantuan;weaksubj;positive
banyak;weaksubj;positive
baru;weaksubj;positive
bebas;weaksubj;positive
bekerja;weaksubj;positive
belajar;strongsubj;positive
benar;strongsubj;positive
benar-benar;strongsubj;positive
benderang;strongsubj;positive
beradaptasi;weaksubj;positive
beralasan;weaksubj;positive
berani;strongsubj;positive
berantas;strongsubj;positive
berapi;weaksubj;positive
berarti;strongsubj;positive
berbagi;strongsubj;positive
berbaik;strongsubj;positive
berbakat;strongsubj;positive
berbudi;strongsubj;positive
bercacat;weaksubj;positive
bercahaya;weaksubj;positive
bercanda;weaksubj;positive
bercita-cita;weaksubj;positive
berdebar;weaksubj;positive
berdedikasi;strongsubj;positive
berdikari;weaksubj;positive
berempati;strongsubj;positive
bergairah;strongsubj;positive
bergaya;strongsubj;positive
bergema;weaksubj;positive
bergembira;strongsubj;positive
bergengsi;strongsubj;positive
bergerak;weaksubj;positive
bergizi;strongsubj;positive
berguna;strongsubj;positive
berharga;strongsubj;positive
berhasil;strongsubj;positive
berhati-hati;weaksubj;positive
berhijab;strongsubj;positive
berhutang;weaksubj;positive
berikut;weaksubj;positive
beriman;strongsubj;positive
berimbang;strongsubj;positive
berisi;strongsubj;positive
beristirahat;weaksubj;positive
berjanji;weaksubj;positive
berjasa;strongsubj;positive
berjaya;weaksubj;positive
berjenis;strongsubj;positive
berjuang;weaksubj;positive
berkat;weaksubj;positive
berkeinginan;weaksubj;positive
berkelakuan;weaksubj;positive
berkelanjutan;strongsubj;positive
berkembang;strongsubj;positive
berkeyakinan;weaksubj;positive
berkilau;weaksubj;positive
berkilauan;weaksubj;positive
berkualitas;strongsubj;positive
berlimpah;strongsubj;positive
berlimpah-limpah;strongsubj;positive
bermaksud baik;strongsubj;positive
bermanfaat;strongsubj;positive
bermanuver;weaksubj;positive
bermartabat;strongsubj;positive
bermutu;weaksubj;positive
bernilai;weaksubj;positive
berpendidikan;strongsubj;positive
berpengalaman;weaksubj;positive
berpengaruh;strongsubj;positive
berpengetahuan;strongsubj;positive
berperasaan;strongsubj;positive
berperikemanusiaan;strongsubj;positive
berpijar;strongsubj;positive
bersama;weaksubj;positive
bersatu;strongsubj;positive
bersedia;weaksubj;positive
bersemangat;strongsubj;positive
bersenang-senang;weaksubj;positive
berseri;strongsubj;positive
bersih;strongsubj;positive
bersinar;strongsubj;positive
bersorak;strongsubj;positive
bersubsidi;weaksubj;positive
bersuka cita;weaksubj;positive
bersuka ria;strongsubj;positive
bersyukur;strongsubj;positive
bertanggung;strongsubj;positive
bertekad;strongsubj;positive
bertekun;strongsubj;positive
berterima;strongsubj;positive
berterimakasih;strongsubj;positive
bertujuan;weaksubj;positive
beruntung;strongsubj;positive
berusaha;strongsubj;positive
berwarna ria;weaksubj;positive
berwawasan;strongsubj;positive
besar;strongsubj;positive
biasa;weaksubj;positive
bijak;weaksubj;positive
bijaksana;strongsubj;positive
bimbingan;weaksubj;positive
bintang;weaksubj;positive
bisa;weaksubj;positive
boleh;weaksubj;positive
bonus;strongsubj;positive
boros;weaksubj;positive
brilian;strongsubj;positive
bukhari;strongsubj;positive
cahaya;strongsubj;positive
cakap;strongsubj;positive
cantik;strongsubj;positive
cekatan;strongsubj;positive
cemas;strongsubj;positive
cemerlang;strongsubj;positive
cepat;strongsubj;positive
cerah;strongsubj;positive
cerdas;strongsubj;positive
cerdik;strongsubj;positive
cergas;strongsubj;positive
cermat;strongsubj;positive
cetar;weaksubj;positive
cinta;strongsubj;positive
cita;weaksubj;positive
cocok;weaksubj;positive
contoh;weaksubj;positive
cukup;weaksubj;positive
cukuplah;weaksubj;positive
damai;strongsubj;positive
dapat;weaksubj;positive
daya;strongsubj;positive
dermawan;strongsubj;positive
dewasa;strongsubj;positive
diakses;weaksubj;positive
diakui;strongsubj;positive
diam;weaksubj;positive
diandalkan;strongsubj;positive
dibaca;strongsubj;positive
dibebaskan;strongsubj;positive
diberikan;weaksubj;positive
dibersihkan;weaksubj;positive
dibuat;weaksubj;positive
dicapai;strongsubj;positive
dicintai;strongsubj;positive
didominasi;strongsubj;positive
didukung;strongsubj;positive
difavoritkan;strongsubj;positive
digunakan;weaksubj;positive
dihargai;strongsubj;positive
diinginkan;weaksubj;positive
diizinkan;weaksubj;positive
dikelola;weaksubj;positive
dikembalikan;weaksubj;positive
dikenal;weaksubj;positive
diketahui;weaksubj;positive
dilayari;weaksubj;positive
dilengkapi;weaksubj;positive
dilepas;weaksubj;positive
dilihat;weaksubj;positive
dimenangkan;strongsubj;positive
dimengerti;strongsubj;positive
diminati;weaksubj;positive
dinamis;weaksubj;positive
diperbaharui;weaksubj;positive
dipercaya;strongsubj;positive
diperoleh;weaksubj;positive
diplomatik;strongsubj;positive
dipoles;weaksubj;positive
diraih;strongsubj;positive
direformasi;weaksubj;positive
direkomendasikan;strongsubj;positive
diremajakan;strongsubj;positive
direstrukturisasi;strongsubj;positive
disahkan;strongsubj;positive
disayangi;strongsubj;positive
disederhanakan;strongsubj;positive
disubsidi;strongsubj;positive
disukai;strongsubj;positive
ditambah ;strongsubj;positive
ditegakkan;weaksubj;positive
diterapkan;weaksubj;positive
diterima;strongsubj;positive
ditingkatkan;strongsubj;positive
dituntaskan;weaksubj;positive
diuntungkan;strongsubj;positive
diverifikasi;weaksubj;positive
doa;strongsubj;positive
doakan;strongsubj;positive
dorongan;strongsubj;positive
duanya;weaksubj;positive
dukung;strongsubj;positive
dukungan;strongsubj;positive
durian runtuh;strongsubj;positive
edukatif;strongsubj;positive
efektif;strongsubj;positive
efektivitas;weaksubj;positive
efisien;strongsubj;positive
ekonomis;strongsubj;positive
ekstase;weaksubj;positive
elastis;weaksubj;positive
elegan;strongsubj;positive
elite;strongsubj;positive
emas;weaksubj;positive
empati;strongsubj;positive
enak;strongsubj;positive
enchantingly;weaksubj;positive
energi;strongsubj;positive
ergonomis;strongsubj;positive
etis;strongsubj;positive
euforia;strongsubj;positive
evakuasi;strongsubj;positive
evaluatif;weaksubj;positive
fajar;weaksubj;positive
fantastis;strongsubj;positive
fasih;weaksubj;positive
fav;strongsubj;positive
fave;strongsubj;positive
favorit;strongsubj;positive
fenomenal;strongsubj;positive
firdaus;strongsubj;positive
fleksibel;strongsubj;positive
fleksibilitas;strongsubj;positive
futuristik;strongsubj;positive
gagah;strongsubj;positive
gaib;weaksubj;positive
gairah;strongsubj;positive
gamblang;weaksubj;positive
gaya;weaksubj;positive
gembira;strongsubj;positive
gemuk;weaksubj;positive
gesit;weaksubj;positive
ghairah;strongsubj;positive
giat;strongsubj;positive
gigih;strongsubj;positive
gokil;weaksubj;positive
gratis;weaksubj;positive
gurih;weaksubj;positive
habis;weaksubj;positive
hadiah;strongsubj;positive
halal;strongsubj;positive
halus;weaksubj;positive
handal;strongsubj;positive
handier;weaksubj;positive
hangat;strongsubj;positive
harapan;strongsubj;positive
harga;weaksubj;positive
harmoni;strongsubj;positive
harmonis;strongsubj;positive
harta;weaksubj;positive
harum;strongsubj;positive
hasil;weaksubj;positive
hasil karya;strongsubj;positive
hasil terbaik;weaksubj;positive
hati;strongsubj;positive
hati-hati;weaksubj;positive
hebat;strongsubj;positive
hemat;strongsubj;positive
henti;weaksubj;positive
heran;weaksubj;positive
heroik;strongsubj;positive
hidup;weaksubj;positive
hore;weaksubj;positive
horee;strongsubj;positive
hormat;strongsubj;positive
hubungan;strongsubj;positive
hujan es;weaksubj;positive
iba;weaksubj;positive
ideal;strongsubj;positive
idealnya;strongsubj;positive
idola;weaksubj;positive
ikhwan;weaksubj;positive
ilahi;strongsubj;positive
ilu;weaksubj;positive
imajinatif;weaksubj;positive
iman;strongsubj;positive
impian;strongsubj;positive
imut;strongsubj;positive
indah;strongsubj;positive
individual;weaksubj;positive
infalibilitas;weaksubj;positive
inovasi;strongsubj;positive
inovatif;strongsubj;positive
inspirasi;strongsubj;positive
inspirasional;strongsubj;positive
inspiratif;strongsubj;positive
instrumental;weaksubj;positive
integral;weaksubj;positive
intelektual;strongsubj;positive
intelijen;weaksubj;positive
intim;strongsubj;positive
intrik;weaksubj;positive
intuitif;strongsubj;positive
irama;strongsubj;positive
islami;strongsubj;positive
istimewa;strongsubj;positive
isyarat;weaksubj;positive
jaga;strongsubj;positive
jaminan;weaksubj;positive
janji;weaksubj;positive
jawa;weaksubj;positive
jawab;weaksubj;positive
jelas;weaksubj;positive
jempol;strongsubj;positive
jempolan;strongsubj;positive
jenaka;weaksubj;positive
jenius;strongsubj;positive
jernih;strongsubj;positive
juara;strongsubj;positive
jujur;strongsubj;positive
kagum;strongsubj;positive
kanan;weaksubj;positive
karisma;weaksubj;positive
karismatik;strongsubj;positive
karunia;strongsubj;positive
karya;strongsubj;positive
kasih;strongsubj;positive
kaya;weaksubj;positive
keadilan;strongsubj;positive
keagungan;strongsubj;positive
keajaiban;strongsubj;positive
keanggunan;strongsubj;positive
keaslian;strongsubj;positive
kebahagiaan;strongsubj;positive
kebaikan;strongsubj;positive
kebajikan;strongsubj;positive
kebal;weaksubj;positive
kebanggaan;strongsubj;positive
kebangkitan;weaksubj;positive
kebaruan;weaksubj;positive
kebebasan;weaksubj;positive
kebenaran;strongsubj;positive
keberanian;strongsubj;positive
keberhasilan;strongsubj;positive
keberlanjutan;weaksubj;positive
kebersamaan;strongsubj;positive
kebersihan;strongsubj;positive
keberuntungan;strongsubj;positive
kebesaran;weaksubj;positive
kebetulan;weaksubj;positive
kebijaksanaan;weaksubj;positive
kecakapan;strongsubj;positive
kecantikan;strongsubj;positive
kecemerlangan;strongsubj;positive
kecepatan;weaksubj;positive
kecerdasan;strongsubj;positive
kecerdikan;strongsubj;positive
keemasan;strongsubj;positive
keenakan;strongsubj;positive
kegairahan;strongsubj;positive
kegembiraan;strongsubj;positive
kehangatan;strongsubj;positive
kehebatan;strongsubj;positive
keheranan;strongsubj;positive
keindahan;strongsubj;positive
keinginan;weaksubj;positive
keintiman;strongsubj;positive
kejayaan;strongsubj;positive
kejelasan;weaksubj;positive
kejujuran;strongsubj;positive
kekaguman;strongsubj;positive
kekal;weaksubj;positive
kekasih;weaksubj;positive
kekencangan;weaksubj;positive
kekuatan;weaksubj;positive
kelancaran;strongsubj;positive
kelangsungan;weaksubj;positive
kelas;weaksubj;positive
kelayakan;strongsubj;positive
kelezatan;strongsubj;positive
kelimpahan;strongsubj;positive
kelincahan;weaksubj;positive
kelip redup;weaksubj;positive
kelucuan;weaksubj;positive
keluwesan;strongsubj;positive
kemajuan;strongsubj;positive
kemakmuran;strongsubj;positive
kemampuan;weaksubj;positive
kemantapan;strongsubj;positive
kemasyhuran;strongsubj;positive
kematangan;weaksubj;positive
kemauan;weaksubj;positive
kemegahan;weaksubj;positive
kemenangan;strongsubj;positive
kemewahan;weaksubj;positive
kemudahan;strongsubj;positive
kemurahan;strongsubj;positive
kenal;strongsubj;positive
kenangan;weaksubj;positive
kencang;weaksubj;positive
kenikmatan;strongsubj;positive
kenyamanan;strongsubj;positive
kepanjangan;weaksubj;positive
kepedulian;strongsubj;positive
kepentingan;strongsubj;positive
kepercayaan;strongsubj;positive
keperkasaan;strongsubj;positive
kepincut;weaksubj;positive
kepuasan;weaksubj;positive
keramahan;strongsubj;positive
keramat;weaksubj;positive
keranjingan;weaksubj;positive
keras;strongsubj;positive
kerelaan;weaksubj;positive
keren;strongsubj;positive
keriangan;strongsubj;positive
kerjasama;strongsubj;positive
kerubin;weaksubj;positive
kesabaran;strongsubj;positive
kesalehan;strongsubj;positive
kesatuan;strongsubj;positive
kesayangan;weaksubj;positive
kesederhanaan;strongsubj;positive
kesehatan;strongsubj;positive
kesejahteraan;strongsubj;positive
kesembronoan;strongsubj;positive
kesempatan;strongsubj;positive
kesempurnaan;strongsubj;positive
kesenangan;weaksubj;positive
kesetiaan;strongsubj;positive
kesopanan;strongsubj;positive
kestabilan;strongsubj;positive
kesucian;strongsubj;positive
kesukaan;strongsubj;positive
kesungguhan;weaksubj;positive
ketabahan;strongsubj;positive
ketajaman;weaksubj;positive
ketegasan;weaksubj;positive
keteguhan;weaksubj;positive
ketekunan;weaksubj;positive
ketenangan;strongsubj;positive
ketenaran;weaksubj;positive
keterbukaan;strongsubj;positive
ketercocokan;strongsubj;positive
ketidakberpihakanstrongsubj;positive
ketrampilan;strongsubj;positive
ketulusan;strongsubjpositive
keuletan;strongsubj;positive
keunggulan;strongsubj;positive
keuntungan;strongsubj;positive
kewaspadaan;strongsubj;positive
khusus;strongsubj;positive
kilau;weaksubj;positive
klasik;weaksubj;positive
koheren;weaksubj;positive
koherensi;weaksubj;positive
komitmen;strongsubj;positive
kompak;strongsubj;positive
kompeten;strongsubj;positive
kompetitif;strongsubj;positive
komplementer;weaksubj;positive
kompromi;weaksubj;positive
kondusif;strongsubj;positive
kongkret;strongsubj;positive
konkret;strongsubj;positive
konsisten;strongsubj;positive
konstruktif;strongsubj;positive
kontinuitas;strongsubj;positive
kontras;weaksubj;positive
kontribusi;strongsubj;positive
kooperatif;strongsubj;positive
koperasi;weaksubj;positive
kreatif;strongsubj;positive
kualitas;strongsubj;positive
kuasa;strongsubj;positive
kuat;strongsubj;positive
kucinta;strongsubj;positive
kukuh;strongsubj;positive
kurus;strongsubj;positive
kusayang;strongsubj;positive
lagu;weaksubj;positive
lancar;strongsubj;positive
landasan;strongsubj;positive
lapang;strongsubj;positive
layak;strongsubj;positive
lebih;strongsubj;positive
lega;strongsubj;positive
legendaris;weaksubj;positive
lembut;weaksubj;positive
lengkap;weaksubj;positive
lezat;strongsubj;positive
licin;weaksubj;positive
lincah;strongsubj;positive
liris;weaksubj;positive
logis;strongsubj;positive
loyalitas;strongsubj;positive
luar;weaksubj;positive
luas;strongsubj;positive
lucu;strongsubj;positive
luhur;strongsubj;positive
lumayan;strongsubj;positive
luwes;strongsubj;positive
maaf;strongsubj;positive
mahir;strongsubj;positive
maju;strongsubj;positive
makanan;weaksubj;positive
makmur;weaksubj;positive
malaikat;strongsubj;positive
malu;weaksubj;positive
mampu;strongsubj;positive
mandiri;strongsubj;positive
manfaat;strongsubj;positive
manfaatnya;weaksubj;positive
manis;strongsubj;positive
manja;weaksubj;positive
manjur;strongsubj;positive
mantab;strongsubj;positive
manusiawi;strongsubj;positive
mapan;strongsubj;positive
martabat;weaksubj;positive
master;weaksubj;positive
masuk;weaksubj;positive
matang;strongsubj;positive
mati-matian;strongsubj;positive
mawas;weaksubj;positive
megah;strongsubj;positive
mekar;strongsubj;positive
melakukan;weaksubj;positive
melampaui;strongsubj;positive
melebihi;strongsubj;positive
melengkapi;strongsubj;positive
melindungi;strongsubj;positive
meluap-luap;weaksubj;positive
meluruskan;strongsubj;positive
memaafkan;strongsubj;positive
memadai;strongsubj;positive
memahami;strongsubj;positive
memanggil;strongsubj;positive
memanjakan;weaksubj;positive
memantapkan;strongsubj;positive
memastikan;weaksubj;positive
mematuhi;strongsubj;positive
membahana;weaksubj;positive
membaik;strongsubj;positive
membantu;strongsubj;positive
membara;weaksubj;positive
membayar;weaksubj;positive
membebaskan;strongsubj;positive
membela;strongsubj;positive
memberangus;strongsubj;positive
memberanikan;strongsubj;positive
memberdayakan;strongsubj;positive
memberkati;weaksubj;positive
membersihkan;strongsubj;positive
membesarkan;weaksubj;positive
membesut;weaksubj;positive
membiasakan;sweaksubj;positive
membuat;weaksubj;positive
membudayakan;strongsubj;positive
membujuk;strongsubj;positive
membuktikan;weaksubj;positive
memelihara;strongsubj;positive
memeluk;strongsubj;positive
memenuhi;weaksubj;positive
memerangi;weaksubj;positive
memeriahkan;weaksubj;positive
memetik;weaksubj;positive
memfavoritkan;strongsubj;positive
memikat;weaksubj;positive
memilih;weaksubj;positive
memimpin;strongsubj;positive
memperbaiki;weaksubj;positive
mempercantik;strongsubj;positive
mempercayakan;strongsubj;positive
memperjelas;strongsubj;positive
memperkaya;strongsubj;positive
memperkuat;strongsubj;positive
mempermanis;strongsubj;positive
memperoleh;weaksubj;positive
mempesona;strongsubj;positive
memuaskan;strongsubj;positive
memudahkan;strongsubj;positive
memuja;weaksubj;positive
memujanya;strongsubj;positive
memuji;strongsubj;positive
memuji-muji;strongsubj;positive
memukau;strongsubj;positive
memuliakan;strongsubj;positive
memulihkan;strongsubj;positive
memurnikan;strongsubj;positive
menakjubkan;strongsubj;positive
menambah;weaksubj;positive
menang;strongsubj;positive
menanggapi;weaksubj;positive
menangi;weaksubj;positive
menantang;weaksubj;positive
menarik;weaksubj;positive
menariknya;weaksubj;positive
menawan;weaksubj;positive
mencengangkan;weaksubj;positive
mencintai;strongsubj;positive
mencukupi;strongsubj;positive
mendalam;strongsubj;positive
mendamaikan;strongsubj;positive
mendapatkan;strongsubj;positive
mendebarkan;weaksubj;positive
mendewakan;weaksubj;positive
mendoakan;strongsubj;positive
mendominasi;strongsubj;positive
mendorong;strongsubj;positive
mendukung;weaksubj;positive
menebus;weaksubj;positive
menegakkan;weaksubj;positive
menegaskan;weaksubj;positive
menegaskan lagi;weaksubj;positive
menenangkan;strongsubj;positive
menentukan;weaksubj;positive
menerangi;strongsubj;positive
menerangkan;strongsubj;positive
menerima;strongsubj;positive
menerobos;strongsubj;positive
mengagetkan;strongsubj;positive
mengagumi;strongsubj;positive
mengagumkan;strongsubj;positive
mengagungkan;strongsubj;positive
mengakali;strongsubj;positive
mengalahkan;strongsubj;positive
menganggap;strongsubj;positive
mengangkat;strongsubj;positive
menganjurkan;weaksubj;positive
mengasyikan;strongsubj;positive
mengasyikkan;strongsubj;positive
mengatasi;strongsubj;positive
mengecoh;weaksubj;positive
mengendalikannya;weaksubj;positive
mengerti;strongsubj;positive
mengesahkan;strongsubj;positive
mengesankan;weaksubj;positive
menggairahkan;weaksubj;positive
menggelenyar;strongsubj;positive
menggelikan;weaksubj;positive
menggelitik;weaksubj;positive
menggembirakan;weaksubj;positive
menggemparkan;strongsubj;positive
menggetarkan;weaksubj;positive
menggiurkan;weaksubj;positive
menggoda;weaksubj;positive
menggugah;weaksubj;positive
menghadiahkan;strongsubj;positive
menghaluskan;strongsubj;positive
menghargai;strongsubj;positive
mengharukan;strongsubj;positive
mengherankan;strongsubj;positive
menghibur;strongsubj;positive
menghidupkan;weaksubj;positive
menghormat;strongsubj;positive
menghormati;strongsubj;positive
mengidealkan;strongsubj;positive
mengidolakan;weaksubj;positive
mengilhami;strongsubj;positive
menginginkan;strongsubj;positive
mengisyaratkan;strongsubj;positive
menguasai;strongsubj;positive
mengucapkan;strongsubj;positive
mengundang;weaksubj;positive
mengungguli;strongsubj;positive
menguntungkan;strongsubj;positive
mengurus;strongsubj;positive
menikmati;strongsubj;positive
menimbulkan;weaksubj;positive
meninggikan;strongsubj;positive
meningkat;strongsubj;positive
meningkatkan;strongsubj;positive
menitipkan;weaksubj;positive
menjamin;strongsubj;positive
menjanjikan;strongsubj;positive
menonjol;weaksubj;positive
mentereng;weaksubj;positive
menunjukkan gejala;weaksubj;positive
menyalip;weaksubj;positive
menyambut;strongsubj;positive
menyanjung;strongsubj;positive
menyaring;strongsubj;positive
menyayangi;strongsubj;positive
menyederhanakan;weaksubj;positive
menyegarkan;strongsubj;positive
menyelaraskan;weaksubj;positive
menyelesaikan;strongsubj;positive
menyembuhkan;strongsubj;positive
menyenangkan;weaksubj;positive
menyerahkan;weaksubj;positive
menyeringai;strongsubj;positive
menyetujui;strongsubj;positive
menyolok;strongsubj;positive
menyubsidi;strongsubj;positive
menyukai;strongsubj;positive
menyusul;strongsubj;positive
merangsang;weaksubj;positive
merayakan;strongsubj;positive
merayu;strongsubj;positive
mereda;strongsubj;positive
mereformasi;strongsubj;positive
merekomendasikan;strongsubj;positive
merelakan;strongsubj;positive
meremajakan;strongsubj;positive
merenung;weaksubj;positive
merespon;strongsubj;positive
merevitalisasi;strongsubj;positive
merevolusi;strongsubj;positive
merevolusionerkan;strongsubj;positive
meriangkan;strongsubj;positive
meringankan;strongsubj;positive
meromantiskan;weaksubj;positive
mewah;strongsubj;positive
meyakinkan;strongsubj;positive
minim resiko;strongsubj;positive
modern;weaksubj;positive
modis;weaksubj;positive
montok;weaksubj;positive
monumental;weaksubj;positive
moralitas;strongsubj;positive
muda;strongsubj;positive
mudah;strongsubj;positive
mujarab;strongsubj;positive
mukjizat;strongsubj;positive
mulia;strongsubj;positive
mulus;weaksubj;positive
murah;strongsubj;positive
murni;strongsubj;positive
mustajab;strongsubj;positive
mutakhir;strongsubj;positive
mutu;strongsubj;positive
nabung;weaksubj;positive
naik;strongsubj;positive
nasib;weaksubj;positive
nikmat;strongsubj;positive
non-kekerasan;strongsubj;positive
nyaman;strongsubj;positive
nyaring;strongsubj;positive
obsesi;weaksubj;positive
optimal;weaksubj;positive
optimis;weaksubj;positive
optimisme;weaksubj;positive
otoriter;weaksubj;positive
padat;strongsubj;positive
pagi;strongsubj;positive
pahala;weaksubj;positive
pahlawan;strongsubj;positive
pandai;strongsubj;positive
panorama;weaksubj;positive
pantas;weaksubj;positive
pasien;weaksubj;positive
pasti;strongsubj;positive
pasukan;weaksubj;positive
patriot;strongsubj;positive
patriotik;strongsubj;positive
patuh;strongsubj;positive
peduli;strongsubj;positive
peka;weaksubj;positive
pelamun;weaksubj;positive
pelindung;strongsubj;positive
pelonggaran;weaksubj;positive
pembaruan;strongsubj;positive
pembebasan;strongsubj;positive
pembela;weaksubj;positive
pemberdayaan;strongsubj;positive
pemberian;weaksubj;positive
pembersih;strongsubj;positive
pembetulan;weaksubj;positive
pemecah;strongsubj;positive
pemenang;strongsubj;positive
pemenuhan;strongsubj;positive
pemimpin;weaksubj;positive
pemulihan;strongsubj;positive
penampilan;strongsubj;positive
pencerahan;strongsubj;positive
pencinta;strongsubj;positive
pendewaan;weaksubj;positive
pendukung;weaksubj;positive
penebusan;weaksubj;positive
penegasan;weaksubj;positive
penerima;strongsubj;positive
pengagum;strongsubj;positive
pengampunan;strongsubj;positive
pengangkatan;strongsubj;positive
pengaruh;strongsubj;positive
pengasih;weaksubj;positive
pengasuhan;strongsubj;positive
pengembalian;strongsubj;positive
pengembangan;strongsubj;positive
penggemar;strongsubj;positive
pengharapan;strongsubj;positive
penghargaan;strongsubj;positive
penghemat;strongsubj;positive
penghematan;strongsubj;positive
penghiburan;strongsubj;positive
penghormatan;strongsubj;positive
penguasaan;weaksubj;positive
peninggian derajat;strongsubj;positive
peningkatan;strongsubj;positive
penipu;strongsubj;positive
penjaga;strongsubj;positive
penjualan terbaik;weaksubj;positive
penolong;strongsubj;positive
penting;weaksubj;positive
penuh;strongsubj;positive
penyayang;strongsubj;positive
penyelamat;strongsubj;positive
penyelesaian;strongsubj;positive
penyuburan;weaksubj;positive
perasaan;weaksubj;positive
perasaan;strongsubj;positive
perayaan;weaksubj;positive
perbaikan;strongsubj;positive
perbedaan;weaksubj;positive
percaya;strongsubj;positive
perdamaian;strongsubj;positive
perdana menteri;weaksubj;positive
perduli;strongsubj;positive
perhatian;strongsubj;positive
periang;strongsubj;positive
perjanjian;weaksubj;positive
perlawanan;weaksubj;positive
perlindungan;strongsubj;positive
perlu;weaksubj;positive
permai;weaksubj;positive
permata;weaksubj;positive
persahabatan;strongsubj;positive
persatuan;strongsubj;positive
persetujuan;strongsubj;positive
persik;strongsubj;positive
personalisasi;weaksubj;positive
pertama;strongsubj;positive
pertumbuhan;strongsubj;positive
pesan;weaksubj;positive
pesona;strongsubj;positive
petualang;strongsubj;positive
piala;strongsubj;positive
pikiran-bertiup;strongsubj;positive
pilihan;strongsubj;positive
pintar;strongsubj;positive
plus;strongsubj;positive
populer;strongsubj;positive
portabel;strongsubj;positive
positif;strongsubj;positive
potensi;strongsubj;positive
praktis;strongsubj;positive
preferensi;strongsubj;positive
prestasi;strongsubj;positive
pro;strongsubj;positive
proaktif;strongsubj;positive
prodigi;strongsubj;positive
produktif;strongsubj;positive
progresif;strongsubj;positive
promotor;strongsubj;positive
puas;strongsubj;positive
puitis;weaksubj;positive
pujian;strongsubj;positive
pulih;strongsubj;positive
puncak;weaksubj;positive
punggung;weaksubj;positive
rahmat;strongsubj;positive
rajin;weaksubj;positive
rak;weaksubj;positive
ramah;weaksubj;positive
ramah ;weaksubj;positive
rangsang;strongsubj;positive
rapi;strongsubj;positive
rasa ;strongsubj;positive
rasional;strongsubj;positive
rasulullah;strongsubj;positive
rata;strongsubj;positive
realisasi;strongsubj;positive
realistis;strongsubj;positive
reformasi;strongsubj;positive
rekomendasi;strongsubj;positive
rela;strongsubj;positive
reputasi;weaksubj;positive
reseptif;strongsubj;positive
resmi;strongsubj;positive
responsif;strongsubj;positive
restrukturisasi;weaksubj;positive
revolusioner;weaksubj;positive
rezeki;strongsubj;positive
ria;strongsubj;positive
riang;strongsubj;positive
ringan;strongsubj;positive
ringkas;strongsubj;positive
rohani;strongsubj;positive
rokstar;weaksubj;positive
romantis;strongsubj;positive
rujuk;weaksubj;positive
rumit;weaksubj;positive
sabar;strongsubj;positive
sadar;weaksubj;positive
sah;strongsubj;positive
saleh;strongsubj;positive
salut;strongsubj;positive
sanggup;weaksubj;positive
sanjungan;strongsubj;positive
sarankan;weaksubj;positive
satu;strongsubj;positive
sayang;strongsubj;positive
sebanding;weaksubj;positive
secara;weaksubj;positive
secepatnya;strongsubj;positive
sedekah;strongsubj;positive
sederhana;strongsubj;positive
segala;weaksubj;positive
segar;strongsubj;positive
segera;weaksubj;positive
sehat;strongsubj;positive
seimbang;strongsubj;positive
seksi;strongsubj;positive
selamat;strongsubj;positive
selayaknya;weaksubj;positive
selektif;strongsubj;positive
selesai;strongsubj;positive
semakin;strongsubj;positive
semangat;strongsubj;positive
semoga;weaksubj;positive
sempurna;strongsubj;positive
semuanya;weaksubj;positive
senang;strongsubj;positive
sengaja;weaksubj;positive
sensasi;weaksubj;positive
sensasional;weaksubj;positive
senyum;strongsubj;positive
sepakat;strongsubj;positive
sepanjang;weaksubj;positive
sepantasnya;weaksubj;positive
sepatutnya;weaksubj;positive
sepele;strongsubj;positive
sepenuh;weaksubj;positive
seperti;weaksubj;positive
seperti malaikat;strongsubj;positive
seperti patung;weaksubj;positive
seperti raja;weaksubj;positive
serba cepat;weaksubj;positive
serba guna;strongsubj;positive
serukan;strongsubj;positive
sesak napas;weaksubj;positive
sesuai;weaksubj;positive
sesungguhnya;weaksubj;positive
setia;strongsubj;positive
setimpal;strongsubj;positive
setuju;weaksubj;positive
sewajarnya;weaksubj;positive
shalat;strongsubj;positive
siap;weaksubj;positive
sigap;strongsubj;positive
sihir;strongsubj;positive
silakan;weaksubj;positive
silau;weaksubj;positive
simpatisan;strongsubj;positive
solidaritas;strongsubj;positive
sopan;strongsubj;positive
sorak;strongsubj;positive
sorak kegirangan;strongsubj;positive
sosial;weaksubj;positive
spektakuler;strongsubj;positive
spontan;weaksubj;positive
sporty;weaksubj;positive
stabil;strongsubj;positive
stabilitas;weaksubj;positive
subhanallah;strongsubj;positive
subsidi;weaksubj;positive
substantif;weaksubj;positive
subur;strongsubj;positive
suci;strongsubj;positive
suka;strongsubj;positive
sukacita;strongsubj;positive
sukses;strongsubj;positive
sungguh;strongsubj;positive
sungguh-sungguh;weaksubj;positive
super;weaksubj;positive
supremasi;weaksubj;positive
surealis;weaksubj;positive
surga;strongsubj;positive
surgawi;strongsubj;positive
swasembada;strongsubj;positive
swatantra;weaksubj;positive
syukur;strongsubj;positive
taat;strongsubj;positive
tabah;strongsubj;positive
tabungan;weaksubj;positive
tahan;strongsubj;positive
tahu;weaksubj;positive
takdir;weaksubj;positive
takjub;strongsubj;positive
takzim;weaksubj;positive
tamah;strongsubj;positive
tampak;weaksubj;positive
tampan;strongsubj;positive
tanda;weaksubj;positive
tangan;weaksubj;positive
tanggapi;weaksubj;positive
tangkap;weaksubj;positive
tangkas;strongsubj;positive
taranya;weaksubj;positive
tarik;weaksubj;positive
tawar;weaksubj;positive
tawaran;weaksubj;positive
tegar;weaksubj;positive
tegas;strongsubj;positive
teguh;strongsubj;positive
teladan;strongsubj;positive
telah;weaksubj;positive
teliti;strongsubj;positive
temanmu;strongsubj;positive
tenaga;weaksubj;positive
tenang;strongsubj;positive
tepat;strongsubj;positive
tepuk;weaksubj;positive
terampil;strongsubj;positive
terang;strongsubj;positive
teranyar;weaksubj;positive
terarah;strongsubj;positive
terbaca;strongsubj;positive
terbaik;strongsubj;positive
terbaru;strongsubj;positive
terbatas;weaksubj;positive
terbersih;strongsubj;positive
terbesar;strongsubj;positive
terbuka;strongsubj;positive
terbukti;strongsubj;positive
tercapai;strongsubj;positive
tercepat;strongsubj;positive
tercinta;strongsubj;positive
terdaftar;weaksubj;positive
terdamaikan;strongsubj;positive
terdengar;weaksubj;positive
terdepan;strongsubj;positive
terelakkan;weaksubj;positive
tergantikan;weaksubj;positive
terhindarkan;strongsubj;positive
terhormat;strongsubj;positive
terima;strongsubj;positive
terima kasih;strongsubj;positive
terjaga;strongsubj;positive
terjamin;strongsubj;positive
terjangkau;strongsubj;positive
terkejar;weaksubj;positive
terkejut;strongsubj;positive
terkemuka;strongsubj;positive
terkenal;strongsubj;positive
terkenal;weaksubj;positive
terkendali;strongsubj;positive
terkendalikan;strongsubj;positive
terkuat;strongsubj;positive
terlaksana;weaksubj;positive
termotivasi;weaksubj;positive
termudah;strongsubj;positive
termurah;strongsubj;positive
ternilai;strongsubj;positive
terobati;strongsubj;positive
terobosan;strongsubj;positive
terompet;strongsubj;positive
terpadu;strongsubj;positive
terpecahkan;strongsubj;positive
terpelajar;strongsubj;positive
terpengaruh;weaksubj;positive
terpenting;weaksubj;positive
terpenuhi;strongsubj;positive
terpercaya;strongsubj;positive
terpesona;strongsubj;positive
terpuji;strongsubj;positive
tersayang;strongsubj;positive
tersedia;strongsubj;positive
tersenyum;strongsubj;positive
tertahankan;weaksubj;positive
tertarik;strongsubj;positive
tertib;strongsubj;positive
tertinggi;strongsubj;positive
terus;strongsubj;positive
terutama;strongsubj;positive
tetap;weaksubj;positive
tiada bandingan;strongsubj;positive
tiada duanya;strongsubj;positive
tinggi;strongsubj;positive
tipis;weaksubj;positive
tokoh;weaksubj;positive
TOP;strongsubj;positive
trendi;strongsubj;positive
Tuhan;strongsubj;positive
tujuan;weaksubj;positive
tulang;weaksubj;positive
tulus;strongsubj;positive
tumbuh;strongsubj;positive
ulung;weaksubj;positive
ummat;strongsubj;positive
unggul;strongsubj;positive
unggulan;strongsubj;positive
unik;strongsubj;positive
untung;strongsubj;positive
untungnya;strongsubj;positive
utama;strongsubj;positive
utuh;strongsubj;positive
uye;weaksubj;positive
variasi;strongsubj;positive
visioner;weaksubj;positive
wah;strongsubj;positive
wahyu;strongsubj;positive
wajar;weaksubj;positive
wanita;strongsubj;positive
warna-warni;weaksubj;positive
waspada;strongsubj;positive
whooa;weaksubj;positive
whooooa;weaksubj;positive
wow;strongsubj;positive
ya;strongsubj;positive
yakin;strongsubj;positive
yay;strongsubj;positive
yeah;strongsubj;positive
yihaa;strongsubj;positive
abaikan;strongsubj;negative
abnormal;strongsubj;negative
aborsi;strongsubj;negative
absurd;strongsubj;negative
acak;weaksubj;negative
acak-acakan;strongsubj;negative
acuh;strongsubj;negative
adiktif;strongsubj;negative
agresi;weaksubj;negative
agresif;strongsubj;negative
agresor;weaksubj;negative
aib;strongsubj;negative
alarm;weaksubj;negative
alasan;weaksubj;negative
alay;strongsubj;negative
alergi;weaksubj;negative
alergik;weaksubj;negative
ambigu;weaksubj;negative
ambivalen;weaksubj;negative
ambivalensi;weaksubj;negative
amoral;strongsubj;negative
amoralitas;strongsubj;negative
ampun;strongsubj;negative
amuk;strongsubj;negative
anarki;strongsubj;negative
anarkis;strongsubj;negative
anarkisme;strongsubj;negative
ancaman;strongsubj;negative
aneh;strongsubj;negative
anehnya;strongsubj;negative
anggapan;strongsubj;negative
angkuh;strongsubj;negative
anjay;strongsubj;negative
anjing;strongsubj;negative
anjir;strongsubj;negative
anjirr;weaksubj;negative
anjlok;strongsubj;negative
anomali;strongsubj;negative
antagonis;strongsubj;negative
antagonisme;strongsubj;negative
antek;strongsubj;negative
anti;strongsubj;negative
antipati;strongsubj;negative
antisosial;weaksubj;negative
antitesis;weaksubj;negative
apak;weaksubj;negative
apati;weaksubj;negative
apatis;strongsubj;negative
apek;weaksubj;negative
apokaliptik;strongsubj;negative
argumentatif;weaksubj;negative
asam;weaksubj;negative
asap;strongsubj;negative
asem;weaksubj;negative
asing;strongsubj;negative
astaga;weaksubj;negative
asusila;strongsubjnegative
awas;weaksubj;negative
babi;strongsubj;negative
badai;strongsubj;negative
bahaya;strongsubj;negative
bajingan;strongsubj;negative
bandel;strongsubj;negative
bandot;strongsubj;negative
bangkrut;strongsubj;negative
bangsat;strongsubj;negative
banjir;strongsubj;negative
bantingan;strongsubj;negative
barbar;strongsubj;negative
basi;weaksubj;negative
bau;strongsubj;negative
bebal;strongsubj;negative
beban;strongsubj;negative
begal;strongsubj;negative
bego;strongsubj;negative
bejat;strongsubj;negative
bekas;weaksubj;negative
beku;weaksubj;negative
belah;weaksubj;negative
belakang;weaksubj;negative
belang;strongsubj;negative
bencana;strongsubj;negative
benci;strongsubj;negative
bencong;strongsubj;negative
bengah;strongsubj;negative
bengis;strongsubj;negative
bengkak;strongsubj;negative
bengkeng;strongsubj;negative
bengkok;weaksubj;negative
benjolan;strongsubj;negative
bentrokan;strongsubj;negative
bentrokin;strongsubj;negative
beracun;strongsubj;negative
berahi;strongsubj;negative
berakhir;strongsubj;negative
berang;strongsubj;negative
berantakan;strongsubj;negative
berat;strongsubj;negative
berawan;weaksubj;negative
berbahaya;strongsubj;negative
berbatu-batu;strongsubj;negative
berbau;strongsubj;negative
berbeda;strongsubj;negative
berbelit;strongsubj;negative
berbelit-belit;strongsubj;negative
berbisa;strongsubj;negative
berbohong;weaksubj;negative
berbuih;strongsubj;negative
bercacat;strongsubj;negative
bercerai;strongsubj;negative
berdalih;strongsubj;negative
berdarah;strongsubj;negative
berdaya;strongsubj;negative
berdebar;strongsubj;negative
berdebat;strongsubj;negative
berdebu;strongsubj;negative
berdengung;weaksubj;negative
berdenyut;strongsubj;negative
berdenyut-denyut;weaksubj;negative
berderak;strongsubj;negative
berderit;strongsubj;negative
berdetak;strongsubj;negative
berdokumen;strongsubj;negative
berdosa;strongsubj;negative
berduri;strongsubj;negative
berdusta;strongsubj;negative
berebut;strongsubj;negative
bergairah;strongsubj;negative
bergelombang;weaksubj;negative
bergeming;strongsubj;negative
bergerigi;weaksubj;negative
bergetar;weaksubj;negative
bergolak;weaksubj;negative
bergulat;strongsubj;negative
berhaluan;weaksubj;negative
berisiko;strongsubj;negative
berjangkit;strongsubj;negative
berkarat;strongsubj;negative
berkedip;strongsubj;negative
berkejut;strongsubj;negative
berkeping-keping;strongsubj;negative
berkeras;strongsubj;negative
berkeringat;weaksubj;negative
berkerut;strongsubj;negative
berkhayal;weaksubj;negative
berkilat;weaksubj;negative
berkilau;strongsubj;negative
berkolusi;strongsubj;negative
berkonflik;strongsubj;negative
berkubang;weaksubj;negative
berkurang;strongsubj;negative
berlebihan;strongsubj;negative
berlemak;strongsubj;negative
berlengah-lengah;strongsubj;negative
berlepotan;weaksubj;negative
berliku-liku;strongsubj;negative
berlumpur;strongsubj;negative
bermabuk;strongsubj;negative
bermabuk;strongsubj;negative
bermabuk-mabukan;strongsubj;negative
bermalas malasan;strongsubj;negative
bermasalah;strongsubj;negative
berminyak;weaksubj;negative
bermuram;strongsubj;negative
bermusuhan;strongsubj;negative
bernoda;strongsubj;negative
berongga;strongsubj;negative
berperang;strongsubj;negative
berpura;strongsubj;negative
berpura-pura;strongsubj;negative
berputus asa;strongsubj;negative
bersaing;weaksubj;negative
bersakit;weaksubj;negative
bersalah;weaksubj;negative
bersanding;weaksubj;negative
bersedih;weaksubj;negative
bersekongkol;strongsubj;negative
berselang;weaksubj;negative
berselisih;strongsubj;negative
bersenandung;strongsubj;negative
berserakan;strongsubj;negative
bersetubuh;strongsubj;negative
bersisik;strongsubj;negative
bersyarat;strongsubj;negative
bertele-tele;strongsubj;negative
bertengkar;strongsubj;negative
bertentangan;strongsubj;negative
berteriak;weaksubj;negative
bertingkah;strongsubj;negative
biadab;strongsubj;negative
bias;weaksubj;negative
bid'ah;strongsubj;negative
bikinan;weaksubj;negative
bimbang;weaksubj;negative
binasa;strongsubj;negative
bingung;weaksubj;negative
bising;strongsubj;negative
blunder;weaksubj;negative
bobrok;strongsubj;negative
bocor;weaksubj;negative
bodo;weaksubj;negative
bodo amat;strongsubj;negative
bodoh;strongsubj;negative
bodohi;strongsubj;negative
bohong;strongsubj;negative
bom;strongsubj;negative
boros;strongsubj;negative
bosan;strongsubj;negative
bosen;strongsubj;negative
botak;weaksubj;negative
brutal;strongsubj;negative
bual;strongsubj;negative
buangan;strongsubj;negative
buar;strongsubj;negative
buas;weaksubj;negative
budak;strongsubj;negative
bug;weaksubj;negative
buntu;strongsubj;negative
bunuh;strongsubj;negative
buram;strongsubj;negative
buritan;weaksubj;negative
buronan;strongsubj;negative
buruk;strongsubj;negative
buruk ;strongsubj;negative
busuk;strongsubj;negative
buta;strongsubj;negative
cabul;strongsubj;negative
cacat;strongsubj;negative
cacian;strongsubj;negative
calo;weaksubj;negative
cambuk;strongsubj;negative
canggung;weaksubj;negative
capek;strongsubj;negative
cara;strongsubj;negative
cari ;strongsubj;negative
carut-marut;strongsubj;negative
cebol;strongsubj;negative
cedera;weaksubj;negative
cekcok;strongsubj;negative
cekung;strongsubj;negative
cela;strongsubj;negative
celaan;strongsubj;negative
celah;weaksubj;negative
celaka;strongsubj;negative
cemas;strongsubj;negative
cemberut;strongsubj;negative
cemburu;strongsubj;negative
cemooh;strongsubj;negative
cemoohan;strongsubj;negative
cenderung;weaksubj;negative
cengeng;strongsubj;negative
cengking;weaksubj;negative
cerai;weaksubj;negative
ceraikan;weaksubj;negative
cercaan;strongsubj;negative
cerdik;strongsubj;negative
cerewet;strongsubj;negative
ceroboh;strongsubj;negative
cewek;strongsubj;negative
compang-camping;strongsubj;negative
corengan;strongsubj;negative
cuek;weaksubj;negative
curam;strongsubj;negative
curang;strongsubj;negative
curiga;weaksubj;negative
daging;strongsubj;negative
dajal;strongsubj;negative
dajjal;strongsubj;negative
dancok;strongsubj;negative
dangkal;strongsubj;negative
darurat;strongsubj;negative
deadline;weaksubj;negative
debu;weaksubj;negative
dedemit;strongsubj;negative
degenerasi;weaksubj;negative
degradasi;strongsubj;negative
dehumanisasi;strongsubj;negative
delusi;strongsubj;negative
demam;strongsubj;negative
demoralisasi;weaksubj;negative
dendam;weaksubj;negative
dengki;strongsubj;negative
depresi;strongsubj;negative
derita;strongsubj;negative
desis;strongsubj;negative
destruktif;strongsubj;negative
diam;weaksubj;negative
diam-diam;weaksubj;negative
dibakar;strongsubj;negative
dibanjiri;strongsubj;negative
dibantai;strongsubj;negative
dibelakang;weaksubj;negative
dibenci;strongsubj;negative
dibesar-besarkan;strongsubj;negative
dibiarkan;strongsubj;negative
dibodohi;strongsubj;negative
dibuang;weaksubj;negative
dibuat-buat;strongsubj;negative
dicela;strongsubj;negative
dicerca;strongsubj;negative
dicuci;strongsubj;negative
dicuri;strongsubj;negative
dicurigai;strongsubj;negative
diganggu;weaksubj;negative
digosipkan;weaksubj;negative
dihabisi;strongsubj;negative
dihadang;weaksubj;negative
dihajar;strongsubj;negative
dihaluskan;strongsubj;negative
dihentikan;strongsubj;negative
dihukum;strongsubj;negative
dijauhi;strongsubj;negative
dijelaskan;strongsubj;negative
dikaburkan;weaksubj;negative
dikasiani;weaksubj;negative
dikenakan;weaksubj;negative
dikorbankan;weaksubj;negative
diktator;strongsubj;negative
diktatoris;strongsubj;negative
dilapisi gula;strongsubj;negative
dilecehkan;strongsubj;negative
diledaki;strongsubj;negative
dilema;weaksubj;negative
dilenyapkan;strongsubj;negative
dilumpukan;strongsubj;negative
dimaafkan;strongsubj;negative
dimarahi;strongsubj;negative
dingin;strongsubj;negative
dipecat;strongsubj;negative
diperangi;strongsubj;negative
diperkosa;strongsubj;negative
dipermainkan;strongsubj;negative
dipersoalkan;weaksubj;negative
dipertanyakan;strongsubj;negative
dipikirkan;strongsubj;negative
diragukan;strongsubj;negative
dirampas;strongsubj;negative
diremehkan;strongsubj;negative
dirugikan;strongsubj;negative
disalahgunakan;weaksubj;negative
disalahpahami;weaksubj;negative
disayangkan;weaksubj;negative
disebut-sebut;weaksubj;negative
disederhanakan;strongsubj;negative
disengaja;weaksubj;negative
disengketakan;strongsubj;negative
disiram;strongsubj;negative
diskredit;strongsubj;negative
diskriminasi;strongsubj;negative
diskriminatif;weaksubj;negative
disorient;weaksubj;negative
disproporsional;strongsubj;negative
distorsi;strongsubj;negative
disuap;strongsubj;negative
ditahan;weaksubj;negative
ditakdirkan;strongsubj;negative
diteror;strongsubj;negative
diterror;strongsubj;negative
ditinggalkan;strongsubj;negative
ditipu;strongsubj;negative
ditolak;strongsubj;negative
ditumpahkan;strongsubj;negative
ditutup;strongsubj;negative
dogmatis;weaksubj;negative
dominan;strongsubj;negative
dongkol;strongsubj;negative
dongo;strongsubj;negative
dosa;strongsubj;negative
downgrade;weaksubj;negative
drastis;strongsubj;negative
drop-out;strongsubj;negative
dua wajah;strongsubj;negative
dugaan;weaksubj;negative
duka;weaksubj;negative
dukun;weaksubj;negative
dumping;weaksubj;negative
dungu;strongsubj;negative
duniawi;weaksubj;negative
dupa;strongsubj;negative
durhaka;strongsubj;negative
duri;strongsubj;negative
durja;weaksubj;negative
dusta;strongsubj;negative
dusun;weaksubj;negative
dwimakna;weaksubj;negative
edan;strongsubj;negative
editan;strongsubj;negative
efek;weaksubj;negative
egois;strongsubj;negative
egoisme;strongsubj;negative
egomania;weaksubj;negative
egosentris;weaksubj;negative
ejakulasi;weaksubj;negative
ejek;weaksubj;negative
ejekan;strongsubj;negative
ekonomis;strongsubj;negative
eksploitasi;strongsubj;negative
eksploitatif;strongsubj;negative
eksplosif;strongsubj;negative
ekstremis;strongsubj;negative
ekstrimis;strongsubj;negative
enggan;strongsubj;negative
erosi;strongsubj;negative
fana;strongsubj;negative
fanatik;strongsubj;negative
fanatisme;strongsubj;negative
fasis;weaksubj;negative
fasisme;strongsubj;negative
fatal;strongsubj;negative
fiksi;weaksubj;negative
fitnah;strongsubj;negative
fitnahan;strongsubj;negative
fobia;weaksubj;negative
friksi;strongsubj;negative
frustasi;strongsubj;negative
frustrasi;strongsubj;negative
fundamentalis;strongsubj;negative
fundamentalisme;weaksubj;negative
gadungan;strongsubj;negative
gagal;strongsubj;negative
gagap;strongsubj;negative
gaib;strongsubj;negative
galak;strongsubj;negative
ganas;strongsubj;negative
gangguan;strongsubj;negative
ganjil;weaksubj;negative
ganti rugi;weaksubj;negative
gantung;weaksubj;negative
garang;strongsubj;negative
garis keras;weaksubj;negative
garu;weaksubj;negative
gasang;weaksubj;negative
gatal;weaksubj;negative
gegabah;weaksubj;negative
gejala;weaksubj;negative
gelandangan;strongsubj;negative
gelap;weaksubj;negative
gelisah;weaksubj;negative
gelora;weaksubj;negative
gembar-gembor;strongsubj;negative
gencar;weaksubj;negative
gendut;strongsubj;negative
genit;weaksubj;negative
genosida;strongsubj;negative
genting;weaksubj;negative
gerah;weaksubj;negative
geram;strongsubj;negative
gerombolan;strongsubj;negative
gesekan;strongsubj;negative
getah;weaksubj;negative
getaran;weaksubj;negative
gigil;strongsubj;negative
gila;strongsubj;negative
gila-gilaan;strongsubj;negative
gimana;strongsubj;negative
goblog;strongsubj;negative
goblok;strongsubj;negative
godaan;strongsubj;negative
goreng;weaksubj;negative
goresan;weaksubj;negative
gosip;weaksubj;negative
gosipkan;weaksubj;negative
gosipnya;strongsubj;negative
goyah;strongsubj;negative
goyang;strongsubj;negative
goyangan;strongsubj;negative
gugat;strongsubj;negative
gugup;weaksubj;negative
gurun;weaksubj;negative
gusar;weaksubj;negative
gusur;strongsubj;negative
habis;weaksubj;negative
habisi;strongsubj;negative
habiskan;weaksubj;negative
hak;weaksubj;negative
halangan;weaksubj;negative
hama;strongsubj;negative
hambatan;weaksubj;negative
hancur;strongsubj;negative
hantu;strongsubj;negative
haram;strongsubj;negative
hasutan;weaksubj;negative
haus;weaksubj;negative
hedon;strongsubj;negative
hedonistik;weaksubj;negative
hegemoni;strongsubj;negative
hegemonisme;strongsubj;negative
hilang;strongsubj;negative
hina;strongsubj;negative
hingar-bingar;strongsubj;negative
hiruk-pikuk;strongsubj;negative
histeri;weaksubj;negative
histeria;weaksubj;negative
histeris;strongsubj;negative
hitam;strongsubj;negative
hoax;strongsubj;negative
hujat;strongsubj;negative
hukuman;strongsubj;negative
hutang;strongsubj;negative
iblis;strongsubj;negative
idiot;strongsubj;negative
igauan;weaksubj;negative
ilegal;strongsubj;negative
iluminati;strongsubj;negative
ilusi;weaksubj;negative
imajiner;weaksubj;negative
imperialis;strongsubj;negative
impoten;strongsubj;negative
impulsif;strongsubj;negative
individualis;strongsubj;negative
indoktrinasi;strongsubj;negative
infeksi;strongsubj;negative
inferioritas;strongsubj;negative
inflamasi;weaksubj;negative
inflasi;strongsubj;negative
ingkar;strongsubj;negative
inkompeten;strongsubj;negative
inkompetensi;strongsubj;negative
inkonsistensi;weaksubj;negative
inkonstitusionil;strongsubj;negative
insensitively;weaksubj;negative
insiden;strongsubj;negative
interupsi;strongsubj;negative
intimidasi;strongsubj;negative
intip;strongsubj;negative
intrusi;weaksubj;negative
invasi;strongsubj;negative
invasif;strongsubj;negative
irasional;weaksubj;negative
irasionalitas;strongsubj;negative
iri;strongsubj;negative
iritasi;weaksubj;negative
ironi;weaksubj;negative
ironis;weaksubj;negative
ironisnya;weaksubj;negative
isolasi;strongsubj;negative
isu;strongsubj;negative
jadah;strongsubj;negative
jahanam;strongsubj;negative
jahat;strongsubj;negative
jancuk;strongsubj;negative
jangan;strongsubj;negative
janggal;strongsubj;negative
jatuh;strongsubj;negative
jatuh sakit;strongsubj;negative
jauh;weaksubj;negative
jebakan;weaksubj;negative
jelaga;weaksubj;negative
jelatang;weaksubj;negative
jelek;strongsubj;negative
jelu;strongsubj;negative
jenaka;strongsubj;negative
jenazah;weaksubj;negative
jengkel;strongsubj;negative
jenuh;weaksubj;negative
jerat;strongsubj;negative
jerawat;weaksubj;negative
jeritan;strongsubj;negative
jijik;strongsubj;negative
jompo;strongsubj;negative
jualan;strongsubj;negative
jumlah sedikit;strongsubj;negative
kabur;strongsubj;negative
kabut;weaksubj;negative
kaca;weaksubj;negative
kacau;strongsubj;negative
kadaluarsa;strongsubj;negative
kadung;strongsubj;negative
kafir;strongsubj;negative
kafirin;strongsubj;negative
kafirkan;strongsubj;negative
kaku;strongsubj;negative
kalah;strongsubj;negative
kalahan;weaksubj;negative
kambuh;strongsubj;negative
kampret;strongsubj;negative
kampungan;weaksubj;negative
kandang;weaksubj;negative
kandas;strongsubj;negative
kanibal;strongsubj;negative
kanker;strongsubj;negative
kapak;weaksubj;negative
kapalan;strongsubj;negative
karat;strongsubj;negative
karuan;strongsubj;negative
kasar;strongsubj;negative
kasus;weaksubj;negative
kata-kata kasar;weaksubj;negative
katastropi;strongsubj;negative
keanehan;weaksubj;negative
keangkuhan;strongsubj;negative
kebal;weaksubj;negative
kebawah;weaksubj;negative
kebencian;strongsubj;negative
keberatan;strongsubj;negative
keberbahayaan;strongsubj;negative
kebetulan;strongsubj;negative
kebiadaban;strongsubj;negative
kebiasaan;weaksubj;negative
kebingungan;weaksubj;negative
kebiri;weaksubj;negative
kebisingan;strongsubj;negative
kebobolan;strongsubj;negative
kebocoran;strongsubj;negative
kebodohan;strongsubj;negative
kebohongan;strongsubj;negative
kebosanan;strongsubj;negative
kebrutalan;strongsubj;negative
kebuntuan;strongsubj;negative
keburukan;strongsubj;negative
kecabulan;strongsubj;negative
kecaman;strongsubj;negative
kecanduan;strongsubj;negative
kecapaian;weaksubj;negative
kecelakaan;weaksubj;negative
kecemasan;weaksubj;negative
kecemburuan;strongsubj;negative
kecenderungan;strongsubj;negative
kecerobohan;strongsubj;negative
kecewa;weaksubj;negative
kecil;weaksubj;negative
kecongkakan;strongsubj;negative
kecurangan;strongsubj;negative
kecurigaan;strongsubj;negative
kedangkalan;strongsubj;negative
kedengkian;weaksubj;negative
keengganan;weaksubj;negative
kefanatikan;weaksubj;negative
kegagalan;weaksubj;negative
keganasan;strongsubj;negative
kegarangan;weaksubj;negative
kegelapan;weaksubj;negative
kegelisahan;strongsubj;negative
kegemparan;strongsubj;negative
kegemukan;weaksubj;negative
kegilaan;weaksubj;negative
kegoyangan;weaksubj;negative
kegugupan;strongsubj;negative
kehabisan;strongsubj;negative
kehancuran;weaksubj;negative
kehebohan;weaksubj;negative
keheranan;weaksubj;negative
kehilangan;strongsubj;negative
kehinaan;strongsubj;negative
keingkaran;strongsubj;negative
keirasionalan;strongsubj;negative
kejadian ;strongsubj;negative
kejahatan;strongsubj;negative
kejam;strongsubj;negative
kejang;weaksubj;negative
kejanggalan;weaksubj;negative
kejangkitan;strongsubj;negative
kejatuhan;weaksubj;negative
kejelekan;strongsubj;negative
kejengahan;strongsubj;negative
kejengkelan;strongsubj;negative
keji;strongsubj;negative
kejut;strongsubj;negative
kekacauan;weaksubj;negative
kekakuan;strongsubj;negative
kekalahan;strongsubj;negative
kekanak-kanakan;strongsubj;negative
kekecewaan;strongsubj;negative
kekecilan;weaksubj;negative
kekejaman;weaksubj;negative
kekejamannya;weaksubj;negative
kekeliruan;weaksubj;negative
kekenyangan;weaksubj;negative
kekerasan;weaksubj;negative
kekeringan;strongsubj;negative
kekesalan;weaksubj;negative
kekhawatiran;weaksubj;negative
kekhilafan;strongsubj;negative
kekosongan;strongsubj;negative
kekotoran;weaksubj;negative
kekuatiran;strongsubj;negative
kekurangan;strongsubj;negative
kekurangpekaan;strongsubj;negative
kelakuan buruk;strongsubj;negative
kelalaian;weaksubj;negative
kelamaan;weaksubj;negative
kelambanan;strongsubj;negative
kelancangan;strongsubj;negative
kelangkaan;strongsubj;negative
kelaparan;strongsubj;negative
kelelahan;strongsubj;negative
kelemahan;strongsubj;negative
kelembutan;strongsubj;negative
kelesuan;strongsubj;negative
keletihan;weaksubj;negative
keliru;weaksubj;negative
keluar;weaksubj;negative
keluarkan;weaksubj;negative
keluhan;weaksubj;negative
kelupaan;strongsubj;negative
kemacetan;strongsubj;negative
kemalangan;strongsubj;negative
kemalasan;strongsubj;negative
kemandekan;weaksubj;negative
kemarahan;strongsubj;negative
kemasukan;strongsubj;negative
kemasyhuran;strongsubj;negative
kematian;strongsubj;negative
kemelaratan;weaksubj;negative
kemenduaan;weaksubj;negative
kemerosotan;strongsubj;negative
kemiskinan;strongsubj;negative
kemunafikan;weaksubj;negative
kemunduran;strongsubj;negative
kemurkaan;weaksubj;negative
kemurungan;strongsubj;negative
kemustahilan;strongsubj;negative
kendor;weaksubj;negative
kendur;weaksubj;negative
kenekatan;strongsubj;negative
kental;weaksubj;negative
kepahitan;strongsubj;negative
kepala batu;weaksubj;negative
kepala-sakit;strongsubj;negative
kepalang;strongsubj;negative
kepatahan;strongsubj;negative
kepayang;weaksubj;negative
kepedaran;strongsubj;negative
kependekan;strongsubj;negative
kepicikan;strongsubj;negative
keputusasaan;strongsubj;negative
keputusasan;strongsubj;negative
keracunan;strongsubj;negative
keraguan;strongsubj;negative
kerangka;weaksubj;negative
keras;strongsubj;negative
keras-kapal;weaksubj;negative
kerasnya;strongsubj;negative
kerdil;weaksubj;negative
kere;strongsubj;negative
kerendahan;weaksubj;negative
kerepotan;weaksubj;negative
keretakan;strongsubj;negative
keriangan;weaksubj;negative
keributan;strongsubj;negative
kering;strongsubj;negative
keriput;strongsubj;negative
keriuhan;strongsubj;negative
kerlip;weaksubj;negative
keroncongan;weaksubj;negative
kerugian;strongsubj;negative
kerusakan;strongsubj;negative
kerusuhan;strongsubj;negative
kerut;strongsubj;negative
keruwetan;strongsubj;negative
kesal;strongsubj;negative
kesalahan;strongsubj;negative
kesalahpahaman;strongsubj;negative
kesamaan;strongsubj;negative
kesedihan;strongsubj;negative
keseganan;weaksubj;negative
kesegeraan;strongsubj;negative
kesel;strongsubj;negative
kesembronoan;weaksubj;negative
kesendirian;strongsubj;negative
kesengitan;strongsubj;negative
kesengsaraan;strongsubj;negative
kesepian;weaksubj;negative
keserakahan;strongsubj;negative
kesesakan;weaksubj;negative
kesilauan;weaksubj;negative
kesombongan;strongsubj;negative
kesulitan;strongsubj;negative
kesuraman;strongsubj;negative
kesyahidan;weaksubj;negative
ketakberanian;strongsubj;negative
ketakutan;strongsubj;negative
ketamakan;strongsubj;negative
ketat;strongsubj;negative
ketegangan;strongsubj;negative
ketelatan;strongsubj;negative
ketenangan;strongsubj;negative
keterbatasan;strongsubj;negative
keterbelakangan;strongsubj;negative
keterlaluan;strongsubj;negative
keterlambatan;strongsubj;negative
ketiadaan;strongsubj;negative
ketidakabsahan;weaksubj;negative
ketidakadilan;weaksubj;negative
ketidakakuratan;strongsubj;negative
ketidakamanan;strongsubj;negative
ketidakbahagiaan;strongsubj;negative
ketidakberdayaan;strongsubj;negative
ketidakbijaksanaan;strongsubj;negative
ketidakcakapan;strongsubj;negative
ketidakcocokan;strongsubj;negative
ketidakcukupan;strongsubj;negative
ketidakefektifan;strongsubj;negative
ketidakefisienan;strongsubj;negative
ketidakjelasan;strongsubj;negative
ketidakjujuran;strongsubj;negative
ketidakkasihan;strongsubj;negative
ketidaklogisan;strongsubj;negative
ketidakmampuan;strongsubj;negative
ketidakmungkinan;strongsubj;negative
ketidakmurnian;weaksubj;negative
ketidakpantasan;weaksubj;negative
ketidakpedulian;strongsubj;negative
ketidakpercayaan;strongsubj;negative
ketidakpuasan;strongsubj;negative
ketidakrelevanan;strongsubj;negative
ketidaksabaran;strongsubj;negative
ketidaksamaan;strongsubj;negative
ketidakseimbangan;strongsubj;negative
ketidaksempurnaan;weaksubj;negative
ketidaksenangan;strongsubj;negative
ketidaksenonohan;strongsubj;negative
ketidaksetaraan;strongsubj;negative
ketidaksetiaan;weaksubj;negative
ketidaksopanan;strongsubj;negative
ketidakstabilan;strongsubj;negative
ketidaktahuan;strongsubj;negative
ketidaktelitian;weaksubj;negative
ketidakteraturan;weaksubj;negative
ketidaktertarikan;strongsubj;negative
ketidaktoleranan;strongsubj;negative
ketidaktulusan;strongsubj;negative
ketinggalan;strongsubj;negative
ketukan;weaksubj;negative
ketus;strongsubj;negative
kewalahan;strongsubj;negative
kezaliman;strongsubj;negative
khawatir;weaksubj;negative
khayalan;strongsubj;negative
khayalan belaka;weaksubj;negative
khayali;strongsubj;negative
khianat;strongsubj;negative
kiamat;strongsubj;negative
kikir;strongsubj;negative
kikuk;strongsubj;negative
kios;strongsubj;negative
kisi;weaksubj;negative
klik;strongsubj;negative
klise;weaksubj;negative
knalpot;weaksubj;negative
kolot;strongsubj;negative
kompatibel;strongsubj;negative
kompleks;strongsubj;negative
komplikasi;weaksubj;negative
komplotan;weaksubj;negative
kompong;strongsubj;negative
komunis;strongsubj;negative
konflik;strongsubj;negative
konfrontasi;strongsubj;negative
kongkalikong;strongsubj;negative
konsesi;strongsubj;negative
konspirasi;strongsubj;negative
konspiratif;strongsubj;negative
konspirator;weaksubj;negative
kontaminasi;strongsubj;negative
kontensius;weaksubj;negative
kontol;strongsubj;negative
kontra;strongsubj;negative
kontra-produktif;weaksubj;negative
kontradiksi;strongsubj;negative
kontradiktif;strongsubj;negative
kontraproduktif;strongsubj;negative
kontroversi;strongsubj;negative
kontroversial;strongsubj;negative
konyol;weaksubj;negative
korban;strongsubj;negative
korosi;strongsubj;negative
korosif;strongsubj;negative
korup;strongsubj;negative
korupsi;strongsubj;negative
kosong;strongsubj;negative
kotor;strongsubj;negative
kotoran;strongsubj;negative
kotornya;strongsubj;negative
kram;strongsubj;negative
krisis;strongsubj;negative
kritik;strongsubj;negative
kritikus;strongsubj;negative
kritis;strongsubj;negative
kronis;strongsubj;negative
kuatir;weaksubj;negative
kucam;strongsubj;negative
kudung;weaksubj;negative
kukuh;weaksubj;negative
kuning;weaksubj;negative
kuno;weaksubj;negative
kupas;strongsubj;negative
kurang;strongsubj;negative
kurus;strongsubj;negative
kusut;strongsubj;negative
kutukan;strongsubj;negative
labil;strongsubj;negative
labu;weaksubj;negative
lacur;strongsubj;negative
lalai;strongsubj;negative
lalat;strongsubj;negative
lalim;strongsubj;negative
lama;strongsubj;negative
lamban;strongsubj;negative
lambat;weaksubj;negative
lancang;strongsubj;negative
lapar;strongsubj;negative
lapuk;weaksubj;negative
larangan;weaksubj;negative
larut;weaksubj;negative
latency;weaksubj;negative
lebam;strongsubj;negative
lebihan;strongsubj;negative
lecet;strongsubj;negative
ledakan;strongsubj;negative
ledaki;strongsubj;negative
lekat;weaksubj;negative
lekir;weaksubj;negative
lekuk;weaksubj;negative
lelah;strongsubj;negative
lelucon;strongsubj;negative
lemah;strongsubj;negative
lemak;weaksubj;negative
lemas;weaksubj;negative
lembab;weaksubj;negative
lembek;weaksubj;negative
lemot;weaksubj;negative
lendir;strongsubj;negative
lengket;weaksubj;negative
lengser;strongsubj;negative
lengserkan;strongsubj;negative
lepas;strongsubj;negative
lereng;weaksubj;negative
lesu;strongsubj;negative
letih;strongsubj;negative
letusan;strongsubj;negative
liar;strongsubj;negative
licik;strongsubj;negative
licin;weaksubj;negative
lier;weaksubj;negative
limbah;strongsubj;negative
limbung;weaksubj;negative
linglung;weaksubj;negative
lintah;weaksubj;negative
lirik;weaksubj;negative
longgar;weaksubj;negative
longsor;strongsubj;negative
luah;strongsubj;negative
lubang;strongsubj;negative
luka;strongsubj;negative
luka bakar;strongsubj;negative
luka lecet;weaksubj;negative
lumpuh;strongsubj;negative
lumpur;weaksubj;negative
lunak;weaksubj;negative
lupa;strongsubj;negative
lusuh;strongsubj;negative
mabuk;strongsubj;negative
macet;strongsubj;negative
mafia;strongsubj;negative
mahal;strongsubj;negative
main-main;weaksubj;negative
maki;weaksubj;negative
makian;strongsubj;negative
malang;weaksubj;negative
malapetaka;weaksubj;negative
malas;weaksubj;negative
maling;weaksubj;negative
malu;weaksubj;negative
malu-malu;weaksubj;negative
mampat;strongsubj;negative
mampus;strongsubj;negative
mandek;weaksubj;negative
manipulasi;strongsubj;negative
manipulatif;strongsubj;negative
manipulator;strongsubj;negative
manja;weaksubj;negative
marah;weaksubj;negative
marah-marah;strongsubj;negative
marginal;strongsubj;negative
masalah;strongsubj;negative
masam;strongsubj;negative
mati;strongsubj;negative
mati-matian;strongsubj;negative
megah;weaksubj;negative
megap-megap;weaksubj;negative
melalaikan;strongsubj;negative
melambat;strongsubj;negative
melampiaskan;strongsubj;negative
melanggar;strongsubj;negative
melanggar;strongsubj;negative
melarang;strongsubj;negative
melarikan;weaksubj;negative
melawan;strongsubj;negative
melayu;strongsubj;negative
melebih-lebihkan;weaksubj;negative
melecehkan;weaksubj;negative
meledak;strongsubj;negative
melelahkan;weaksubj;negative
melemahkan;weaksubj;negative
melenceng;weaksubj;negative
melengking;strongsubj;negative
melengkingkan;strongsubj;negative
melengkung;weaksubj;negative
melenyapkan;strongsubj;negative
melepaskan;strongsubj;negative
melepuh;strongsubj;negative
meleset;strongsubj;negative
meletakkan-off;weaksubj;negative
melibatkan;weaksubj;negative
melimpahi;strongsubj;negative
melinglungkan;weaksubj;negative
melodramatis;strongsubj;negative
melongo;strongsubj;negative
melongsorkan;strongsubj;negative
meluap;strongsubj;negative
meluapkan;strongsubj;negative
melucuti;strongsubj;negative
melukai;strongsubj;negative
meluluhkan;weaksubj;negative
melumpuhkan;strongsubj;negative
melupakan;weaksubj;negative
meluruhkan;weaksubj;negative
memabukkan;strongsubj;negative
memakan;strongsubj;negative
memaksa;strongsubj;negative
memaksakan;strongsubj;negative
memalsukan;strongsubj;negative
memalukan;strongsubj;negative
memamerkan;strongsubj;negative
memanaskan;strongsubj;negative
memanjakan;weaksubj;negative
memar;strongsubj;negative
memarahi;strongsubj;negative
memarahkan;strongsubj;negative
memarut;weaksubj;negative
mematahkan;weaksubj;negative
mematikan;strongsubj;negative
membagi;strongsubj;negative
membahas;strongsubj;negative
membahayakan;strongsubj;negative
membakar;weaksubj;negative
membalas;strongsubj;negative
membalikkan;strongsubj;negative
membanjiri;strongsubj;negative
membantah;strongsubj;negative
membara;strongsubj;negative
membatalkan;strongsubj;negative
membatasi;strongsubj;negative
membatu;strongsubj;negative
membedakan;strongsubj;negative
membeku;strongsubj;negative
membekukan;strongsubj;negative
membelit;strongsubj;negative
membenci;weaksubj;negative
membengisi;strongsubj;negative
memberatkan;strongsubj;negative
memberhentikan;strongsubj;negative
memberontak;weaksubj;negative
membinasakan;weaksubj;negative
membingungkan;weaksubj;negative
membohong;strongsubj;negative
memboikot;strongsubj;negative
membolos;strongsubj;negative
membombardir;weaksubj;negative
membongkar;weaksubj;negative
membosankan;strongsubj;negative
membuang;strongsubj;negative
membujuk;strongsubj;negative
membunuh;strongsubj;negative
memburuk;strongsubj;negative
memburukkan;strongsubj;negative
memburuknya;strongsubj;negative
membusuk;strongsubj;negative
membutakan;strongsubj;negative
memecat;weaksubj;negative
memekakkan;weaksubj;negative
memendam;weaksubj;negative
memenjarakan;strongsubj;negative
mementingkan;strongsubj;negative
memeras;strongsubj;negative
memerciki;strongsubj;negative
memerintahkan;weaksubj;negative
memfitnah;strongsubj;negative
memihak;weaksubj;negative
memikat;strongsubj;negative
memisahkan;weaksubj;negative
memiskinkan;weaksubj;negative
memohon;strongsubj;negative
memperberat;strongsubj;negative
memperbudak;strongsubj;negative
memperdaya;strongsubj;negative
memperdayakan;strongsubj;negative
memperebutkan;weaksubj;negative
memperingatkan;strongsubj;negative
memperkosa;weaksubj;negative
memperlambat;strongsubj;negative
memperlemah;strongsubj;negative
mempermainkan;strongsubj;negative
mempersiapkan;strongsubj;negative
mempesona;weaksubj;negative
mempolemikkan;weaksubj;negative
memprihatinkan;weaksubj;negative
mempropagandakan;strongsubj;negative
memprotes;strongsubj;negative
memprovokasi;strongsubj;negative
memuakkan;strongsubj;negative
memudarnya;strongsubj;negative
memukul;strongsubj;negative
memuntahkan;strongsubj;negative
memurahkan;strongsubj;negative
memusnahkan;strongsubj;negative
memutar;strongsubj;negative
memutarbalikkan;strongsubj;negative
memutuskan;strongsubj;negative
menabrak;strongsubj;negative
menahan;strongsubj;negative
menakuti;strongsubj;negative
menakutkan;strongsubj;negative
menampar;strongsubj;negative
menanamkan;weaksubj;negative
menangguhkan;strongsubj;negative
menangis;weaksubj;negative
menasihati;weaksubj;negative
mencabut;strongsubj;negative
mencabut perlindungan;weaksubj;negative
mencaci;strongsubj;negative
mencairkan;strongsubj;negative
mencampuradukkan;weaksubj;negative
mencampuri;weaksubj;negative
mencap;strongsubj;negative
mencekik;strongsubj;negative
mencela;strongsubj;negative
mencemari;strongsubj;negative
mencemaskan;weaksubj;negative
mencemoohkan;weaksubj;negative
mencibir;strongsubj;negative
mencicit;weaksubj;negative
mencium;weaksubj;negative
menciut-ciut;weaksubj;negative
mencla-mencle;strongsubj;negative
mencolok;strongsubj;negative
mencopoti;strongsubj;negative
mencubit;weaksubj;negative
mencuci otak;strongsubj;negative
mencuri;strongsubj;negative
mencurigakan;strongsubj;negative
mendadak;strongsubj;negative
mendakwa;strongsubj;negative
mendalam;strongsubj;negative
mendatang;strongsubj;negative
mendatangkan;strongsubj;negative
mendeklamasikan;strongsubj;negative
menderita;strongsubj;negative
mendesak;strongsubj;negative
mendesis;strongsubj;negative
mendidih;strongsubj;negative
mendistorsi;strongsubj;negative
menduduki;strongsubj;negative
menegur;strongsubj;negative
menekan;strongsubj;negative
menekankan;strongsubj;negative
menelan;strongsubj;negative
menentang;weaksubj;negative
menentu;weaksubj;negative
menertawakan;strongsubj;negative
menetes;weaksubj;negative
mengabaikan;weaksubj;negative
mengaburkan;strongsubj;negative
mengacak;strongsubj;negative
mengacaukan;strongsubj;negative
mengagetkan;strongsubj;negative
mengaku;weaksubj;negative
mengakui;weaksubj;negative
mengalah;weaksubj;negative
mengalahkan;strongsubj;negative
mengalihkan;strongsubj;negative
mengambil alih;weaksubj;negative
mengamputasi;weaksubj;negative
mengamuk;strongsubj;negative
mengancam;weaksubj;negative
mengangkat;weaksubj;negative
menganiaya;strongsubj;negative
mengatakan;strongsubj;negative
mengebiri;strongsubj;negative
mengecam;strongsubj;negative
mengecewakan;weaksubj;negative
mengecilkan;strongsubj;negative
mengejan;weaksubj;negative
mengejek;strongsubj;negative
mengejuntukan;strongsubj;negative
mengeksploitasi;strongsubj;negative
mengeluarkan;strongsubj;negative
mengeluh;weaksubj;negative
mengelupas;strongsubj;negative
mengembara;strongsubj;negative
mengemis;strongsubj;negative
mengendapkan;strongsubj;negative
mengepung;strongsubj;negative
mengerang;strongsubj;negative
mengeras;strongsubj;negative
mengerdilkan;strongsubj;negative
mengerikan;strongsubj;negative
mengering;strongsubj;negative
mengerti;strongsubj;negative
mengerut;strongsubj;negative
mengesalkan;strongsubj;negative
menggagalkan;weaksubj;negative
menggalakan;weaksubj;negative
menggampangkan;strongsubj;negative
mengganggu;weaksubj;negative
menggantikan;strongsubj;negative
menggantung;strongsubj;negative
menggaruk;strongsubj;negative
menggarut;strongsubj;negative
menggasak;strongsubj;negative
menggelapkan;strongsubj;negative
menggelegar;strongsubj;negative
menggelepar;strongsubj;negative
menggeliat-geliut;strongsubj;negative
menggelikan;strongsubj;negative
menggelisahkan;strongsubj;negative
menggemparkan;strongsubj;negative
menggentari;strongsubj;negative
menggerakkan;strongsubj;negative
menggeram;strongsubj;negative
menggerenyet;strongsubj;negative
menggerogoti;strongsubj;negative
menggertak;strongsubj;negative
menggerutu;strongsubj;negative
menggigil;strongsubj;negative
menggigit;strongsubj;negative
menggila;strongsubj;negative
menggiling;strongsubj;negative
menggoda;strongsubj;negative
menggoyang;strongsubj;negative
menggugat;strongsubj;negative
menggugurkan;strongsubj;negative
menggulingkan;strongsubj;negative
menggusarkan;strongsubj;negative
menggusur;strongsubj;negative
menghadapi;strongsubj;negative
menghalangi;strongsubj;negative
menghalau;strongsubj;negative
menghambat;strongsubj;negative
menghancurkan;strongsubj;negative
menghantui;strongsubj;negative
menghapus;strongsubj;negative
menghapuskan;strongsubj;negative
menghasut;strongsubj;negative
menghebohkan;strongsubj;negative
mengherankan;strongsubj;negative
menghilangkan;strongsubj;negative
menghina;weaksubj;negative
menghinakan;strongsubj;negative
menghindari;weaksubj;negative
menghujat;strongsubj;negative
menghujatnya;strongsubj;negative
menghukum;strongsubj;negative
mengigau;weaksubj;negative
mengikis;strongsubj;negative
mengindoktrinasikan;strongsubj;negative
mengingkari;strongsubj;negative
menginjak-injak;strongsubj;negative
mengintai;strongsubj;negative
mengintimidasi;strongsubj;negative
mengintip;strongsubj;negative
mengisap;strongsubj;negative
mengkhawatirkan;weaksubj;negative
mengkhianati;weaksubj;negative
mengkritik;strongsubj;negative
mengoceh;weaksubj;negative
mengolesi;weaksubj;negative
mengolok-olok;strongsubj;negative
mengomel;strongsubj;negative
mengorbankan;strongsubj;negative
mengotori;strongsubj;negative
mengotorkan;strongsubj;negative
mengoyakkan;weaksubj;negative
menguak;strongsubj;negative
menguap;strongsubj;negative
menguasai;strongsubj;negative
mengumpat;strongsubj;negative
mengurangi;strongsubj;negative
menguras;weaksubj;negative
mengusir;strongsubj;negative
mengutuk;strongsubj;negative
meniadakan;strongsubj;negative
menidurkan;strongsubj;negative
menimpa;strongsubj;negative
menindas;strongsubj;negative
meninggal;strongsubj;negative
meninggalkan;strongsubj;negative
meningkat;strongsubj;negative
meninju;weaksubj;negative
menipu;weaksubj;negative
meniru;strongsubj;negative
menitis;strongsubj;negative
menjarah;strongsubj;negative
menjatuhkan;strongsubj;negative
menjauhkan;strongsubj;negative
menjelekkan;strongsubj;negative
menjemukan;strongsubj;negative
menjengkelkan;strongsubj;negative
menjerat;strongsubj;negative
menjerit;strongsubj;negative
menjijikkan;strongsubj;negative
menjiplak;strongsubj;negative
menodai;strongsubj;negative
menohok;strongsubj;negative
menolak;strongsubj;negative
menonjol;strongsubj;negative
mentah;strongsubj;negative
menuduh;strongsubj;negative
menumbangkan;strongsubj;negative
menumpahkan;strongsubj;negative
menunda;strongsubj;negative
menunduk;strongsubj;negative
menundukkan;strongsubj;negative
menuntut;strongsubj;negative
menurun;weaksubj;negative
menurunkan;weaksubj;negative
menusuk;strongsubj;negative
menutup;strongsubj;negative
menyaingi;strongsubj;negative
menyakiti;strongsubj;negative
menyakitkan;strongsubj;negative
menyala;strongsubj;negative
menyalahgunakan;weaksubj;negative
menyalahkan;strongsubj;negative
menyangkal;strongsubj;negative
menyangsikan;strongsubj;negative
menyapa;strongsubj;negative
menyayangkan;weaksubj;negative
menyayat;weaksubj;negative
menyebalkan;weaksubj;negative
menyederhanakan;strongsubj;negative
menyedihkan;weaksubj;negative
menyelinap;strongsubj;negative
menyembunyikan;strongsubj;negative
menyenangkan;weaksubj;negative
menyengat;strongsubj;negative
menyentakkan;strongsubj;negative
menyerah;strongsubj;negative
menyeramkan;strongsubj;negative
menyerang;strongsubj;negative
menyerbu;strongsubj;negative
menyeret;weaksubj;negative
menyesali;strongsubj;negative
menyesalkan;strongsubj;negative
menyesatkan;strongsubj;negative
menyia-nyiakan;weaksubj;negative
menyiangi;strongsubj;negative
menyihir;strongsubj;negative
menyiksa;strongsubj;negative
menyilaukan;strongsubj;negative
menyimpang;strongsubj;negative
menyindir;strongsubj;negative
menyinggung;strongsubj;negative
menyita pikiran;strongsubj;negative
menyolok;strongsubj;negative
menyombongkan;strongsubj;negative
menyuap;strongsubj;negative
menyumbat;strongsubj;negative
menyumpahi;strongsubj;negative
menyusahkan;weaksubj;negative
menyusup;strongsubj;negative
menyusut;strongsubj;negative
meracuni;strongsubj;negative
meragukan;strongsubj;negative
merajalela;strongsubj;negative
merajuk;strongsubj;negative
merampas;weaksubj;negative
merana;weaksubj;negative
merancang;strongsubj;negative
merangsang;strongsubj;negative
merasa jijik;strongsubj;negative
merata;strongsubj;negative
meratap;strongsubj;negative
meratapi;strongsubj;negative
meraup;strongsubj;negative
merayap;weaksubj;negative
merebut;strongsubj;negative
meremas;strongsubj;negative
meremehkan;strongsubj;negative
merencanakan;strongsubj;negative
merendahkan;strongsubj;negative
merendahkan ;strongsubj;negative
merengek;strongsubj;negative
merenung;strongsubj;negative
merepet;strongsubj;negative
meresahkan;strongsubj;negative
meretas;strongsubj;negative
merinding;weaksubj;negative
meringis;strongsubj;negative
merobek;strongsubj;negative
merokok;strongsubj;negative
merongrong;strongsubj;negative
merosot;strongsubj;negative
merugikan;strongsubj;negative
merusak;strongsubj;negative
merusakkan;strongsubj;negative
mewah;strongsubj;negative
meyakinkan;strongsubj;negative
milik;weaksubj;negative
mimpi buruk;weaksubj;negative
miring;strongsubj;negative
misinformasi;strongsubj;negative
miskin;strongsubj;negative
misteri;strongsubj;negative
misterius;strongsubj;negative
mitos;strongsubj;negative
modus;strongsubj;negative
momok;strongsubj;negative
mubazir;weaksubj;negative
multi-polarisasi;strongsubj;negative
munafik;strongsubj;negative
mundur;strongsubj;negative
mungil;strongsubj;negative
mungkir;strongsubj;negative
muntah;strongsubj;negative
muntahan;strongsubj;negative
muntahan ;weaksubj;negative
murah;weaksubj;negative
murahan;weaksubj;negative
muram;strongsubj;negative
murka;strongsubj;negative
murtad;weaksubj;negative
murung;strongsubj;negative
muslihat;strongsubj;negative
mustahil;strongsubj;negative
musuh;strongsubj;negative
nafsu;weaksubj;negative
nafsu ;strongsubj;negative
naif;weaksubj;negative
najis;strongsubj;negative
nakal;strongsubj;negative
nasehati ;weaksubj;negative
ndeso;weaksubj;negative
negatif;strongsubj;negative
nekat;strongsubj;negative
nenek;strongsubj;negative
nepotisme;strongsubj;negative
neraka;weaksubj;negative
neurotik;strongsubj;negative
ngaco;strongsubj;negative
ngambek;strongsubj;negative
ngatur;strongsubj;negative
ngawur;strongsubj;negative
ngehe;strongsubj;negative
ngelantur;strongsubj;negative
ngeluarin;strongsubj;negative
ngentot;weaksubj;negative
ngeri;weaksubj;negative
ngobrol;strongsubj;negative
ngomel;strongsubj;negative
niat busuk;strongsubj;negative
noda;strongsubj;negative
noda-noda;strongsubj;negative
non-aktif;strongsubj;negative
non-keyakinan;strongsubj;negative
nyaring;strongsubj;negative
nyengir;strongsubj;negative
nyeri;strongsubj;negative
nyinyir;strongsubj;negative
nyonya;weaksubj;negative
obat bius;strongsubj;negative
obrolan;strongsubj;negative
obsesif;strongsubj;negative
obyek;strongsubj;negative
ocehan;strongsubj;negative
ogah-ogahan;strongsubj;negative
omdo;strongsubj;negative
omelan;strongsubj;negative
omong ;strongsubj;negative
omongan;strongsubj;negative
onar;strongsubj;negative
oportunistik;weaksubj;negative
oposisi;weaksubj;negative
orak;strongsubj;negative
otak udang;weaksubj;negative
otokrat;strongsubj;negative
otokratis;strongsubj;negative
otoriter;weaksubj;negative
overakting;weaksubj;negative
padat;strongsubj;negative
pagar;strongsubj;negative
paham;strongsubj;negative
pahit;weaksubj;negative
paksa ;strongsubj;negative
paksaan;strongsubj;negative
palsu;strongsubj;negative
panas;strongsubj;negative
panci;strongsubj;negative
pandangan marah;strongsubj;negative
panggilan;strongsubj;negative
panik;strongsubj;negative
panjang;strongsubj;negative
paradoks;strongsubj;negative
paradoksal;weaksubj;negative
parah;weaksubj;negative
paranoia;weaksubj;negative
paranoid;strongsubj;negative
parasit;strongsubj;negative
paria;strongsubj;negative
parno;weaksubj;negative
parodi;weaksubj;negative
partisan;strongsubj;negative
pasif;strongsubj;negative
pasrah;weaksubj;negative
pasti;strongsubj;negative
patah;strongsubj;negative
patung;strongsubj;negative
payah;strongsubj;negative
payah ;weaksubj;negative
payudara;strongsubj;negative
pecah;weaksubj;negative
pecahnya;strongsubj;negative
pecandu;strongsubj;negative
pecat;strongsubj;negative
pecundang;strongsubj;negative
pedas;strongsubj;negative
pedih;strongsubj;negative
pelabuhan;strongsubj;negative
pelacur;strongsubj;negative
pelakunya;strongsubj;negative
pelalaian;strongsubj;negative
pelan-pelan;strongsubj;negative
pelanggar;strongsubj;negative
pelanggar ;strongsubj;negative
pelanggaran;strongsubj;negative
pelanggaran ;strongsubj;negative
pelawak;weaksubj;negative
pelemahan;weaksubj;negative
pelepasan ;strongsubj;negative
pelit;strongsubj;negative
pelupa;weaksubj;negative
pemabuk;strongsubj;negative
pemalas;strongsubj;negative
pemalsuan;strongsubj;negative
pemarah;weaksubj;negative
pembakar;weaksubj;negative
pembakaran;strongsubj;negative
pembalasan;strongsubj;negative
pembangkang;strongsubj;negative
pembangkangan;strongsubj;negative
pembantaian;strongsubj;negative
pembatalan;weaksubj;negative
pembaur;strongsubj;negative
pembekuan;weaksubj;negative
pembela;strongsubj;negative
pembenci;weaksubj;negative
pembengkakan;strongsubj;negative
pemberang;strongsubj;negative
pemberontakan;strongsubj;negative
pembobolan;strongsubj;negative
pembohong;strongsubj;negative
pembongkar;strongsubj;negative
pemborosan;strongsubj;negative
pembual;strongsubj;negative
pembuangan;strongsubj;negative
pembuatan;strongsubj;negative
pembubaran;strongsubj;negative
pembunuh;weaksubj;negative
pembunuhan;weaksubj;negative
pembunuhan ;strongsubj;negative
pemecahan;strongsubj;negative
pemegatan;strongsubj;negative
pemerasan;strongsubj;negative
pemerkosaan;weaksubj;negative
pemfitnah;weaksubj;negative
pemfitnahan;strongsubj;negative
pemilih;strongsubj;negative
pemisahan;strongsubj;negative
pemotongan;strongsubj;negative
pemukulan;strongsubj;negative
pemusnahan;strongsubj;negative
pemutarbalikan;strongsubj;negative
penaklukan;strongsubj;negative
penakut;strongsubj;negative
penalti;strongsubj;negative
penangkapan;strongsubj;negative
pencegah;strongsubj;negative
pencemar;strongsubj;negative
pencemas;strongsubj;negative
pencitraan;strongsubj;negative
pencuri;weaksubj;negative
pencurian;weaksubj;negative
pendam;strongsubj;negative
pendapat;weaksubj;negative
pendek;weaksubj;negative
pendendam;weaksubj;negative
penderita;weaksubj;negative
penderitaan;weaksubj;negative
penderitaan ;weaksubj;negative
pendosa;weaksubj;negative
penekanan;strongsubj;negative
pengabaian;strongsubj;negative
pengacara;weaksubj;negative
pengacau;weaksubj;negative
pengaduan;weaksubj;negative
pengakuan;strongsubj;negative
pengamuk;strongsubj;negative
penganggur;weaksubj;negative
pengangguran;strongsubj;negative
penganiaya;strongsubj;negative
penganiayaan;strongsubj;negative
pengap;strongsubj;negative
pengasingan;weaksubj;negative
pengeboman;strongsubj;negative
pengecualian;weaksubj;negative
pengecut;weaksubj;negative
pengemis;strongsubj;negative
pengenaan;strongsubj;negative
pengepungan;weaksubj;negative
pengeringan;weaksubj;negative
pengganggu;weaksubj;negative
penggerutu;strongsubj;negative
penghancuran;weaksubj;negative
penghasut;strongsubj;negative
penghinaan;strongsubj;negative
penghindaran;strongsubj;negative
penghujatan;strongsubj;negative
penghukuman;strongsubj;negative
pengingatan;strongsubj;negative
pengingkaran;strongsubj;negative
pengkhianat;weaksubj;negative
pengkhianatan;weaksubj;negative
pengkritik;weaksubj;negative
pengobrol;weaksubj;negative
pengotor;strongsubj;negative
pengrusakan;strongsubj;negative
pengumpatan;strongsubj;negative
pengunduran ;weaksubj;negative
pengurangan;strongsubj;negative
penindas;strongsubj;negative
penindasan;strongsubj;negative
penipu;strongsubj;negative
penipuan;weaksubj;negative
penista;strongsubj;negative
penjahat;strongsubj;negative
penjara;weaksubj;negative
penjara ;weaksubj;negative
penjarah;strongsubj;negative
penolakan;strongsubj;negative
penuh;strongsubj;negative
penumpasan;strongsubj;negative
penundaan;strongsubj;negative
penurunan;strongsubj;negative
penurut;strongsubj;negative
penyadap;strongsubj;negative
penyakit;strongsubj;negative
penyakit ;strongsubj;negative
penyalahgunaan;strongsubj;negative
penyangkalan;strongsubj;negative
penyelewengan;weaksubj;negative
penyelundupan;weaksubj;negative
penyembunyian;weaksubj;negative
penyendiri;weaksubj;negative
penyerbu;weaksubj;negative
penyergapan;strongsubj;negative
penyesalan;weaksubj;negative
penyesat;strongsubj;negative
penyesatan;strongsubj;negative
penyiksaan;strongsubj;negative
penyimpang;strongsubj;negative
penyimpangan;weaksubj;negative
penyisihan;weaksubj;negative
penyok;strongsubj;negative
penyuapan;strongsubj;negative
penyusup;weaksubj;negative
peot;weaksubj;negative
peradangan;strongsubj;negative
perampas;strongsubj;negative
perampasan;strongsubj;negative
perangkap;strongsubj;negative
perawan ;weaksubj;negative
perbuatan ;weaksubj;negative
perbudakan;weaksubj;negative
perdarahan;weaksubj;negative
perebut;weaksubj;negative
pergolakan;weaksubj;negative
perhatian;strongsubj;negative
perih;strongsubj;negative
peringatan;strongsubj;negative
perjuangan;strongsubj;negative
perkara;strongsubj;negative
perkelahian;strongsubj;negative
perkosa;strongsubj;negative
perlakuan ;strongsubj;negative
perlawanan;strongsubj;negative
permohonan;strongsubj;negative
permusuhan;strongsubj;negative
perpecahan;strongsubj;negative
persahabatan;strongsubj;negative
persaingan;strongsubj;negative
perselisihan;strongsubj;negative
pertempuran;strongsubj;negative
pertengkaran;strongsubj;negative
pertengkaran ;weaksubj;negative
pertentangan;weaksubj;negative
pertikaian;strongsubj;negative
pertumpahan ;weaksubj;negative
pertunjukkan;weaksubj;negative
perubahan;weaksubj;negative
perusak;weaksubj;negative
pesimis;strongsubj;negative
pesimisme;strongsubj;negative
pesimistis;weaksubj;negative
pesuruh;strongsubj;negative
petualangan;strongsubj;negative
phk;strongsubj;negative
picik;weaksubj;negative
picketed;strongsubj;negative
pidana;strongsubj;negative
piket;weaksubj;negative
pikun;strongsubj;negative
pilih-pilih;weaksubj;negative
pincang;strongsubj;negative
pingsan;strongsubj;negative
pisah;strongsubj;negative
pisau;strongsubj;negative
piuh;strongsubj;negative
pki;strongsubj;negative
plin-plan;strongsubj;negative
polusi;strongsubj;negative
porno;strongsubj;negative
pornografi;weaksubj;negative
prasangka;weaksubj;negative
pratfall;strongsubj;negative
preman;strongsubj;negative
prihatin;strongsubj;negative
primitif;weaksubj;negative
propaganda;strongsubj;negative
protes;strongsubj;negative
provokasi;strongsubj;negative
provokatif;strongsubj;negative
provokator;strongsubj;negative
puas;strongsubj;negative
pucat;strongsubj;negative
pukul;strongsubj;negative
pukulan;strongsubj;negative
punah;weaksubj;negative
pungli;weaksubj;negative
punk;strongsubj;negative
pura;strongsubj;negative
pura pura;strongsubj;negative
pura-pura;weaksubj;negative
pusing;weaksubj;negative
putus;weaksubj;negative
putus asa;weaksubj;negative
racun;strongsubj;negative
radikal;strongsubj;negative
radikalisasi;strongsubj;negative
ragu;strongsubj;negative
ragu-ragu;strongsubj;negative
rajin;strongsubj;negative
raksasa;strongsubj;negative
rakus;weaksubj;negative
ramai;weaksubj;negative
rampasan;strongsubj;negative
rampok;weaksubj;negative
rantingly;strongsubj;negative
rants;strongsubj;negative
rapuh;strongsubj;negative
rasis;weaksubj;negative
rasisme;weaksubj;negative
reaksioner;strongsubj;negative
realistis;strongsubj;negative
rebusan;strongsubj;negative
redundansi;strongsubj;negative
redup;strongsubj;negative
relevan;strongsubj;negative
remang;weaksubj;negative
remang-remang;weaksubj;negative
remeh;strongsubj;negative
remeh-temeh;strongsubj;negative
remehkan;weaksubj;negative
rendah;weaksubj;negative
rendahan;weaksubj;negative
rentan;strongsubj;negative
represi;weaksubj;negative
represif;strongsubj;negative
reruntuhan;strongsubj;negative
resah;strongsubj;negative
resesi;strongsubj;negative
resiko;strongsubj;negative
retak;strongsubj;negative
retorik;strongsubj;negative
retoris;strongsubj;negative
rewel;weaksubj;negative
reyot;strongsubj;negative
ribet;strongsubj;negative
ribut;weaksubj;negative
rintik;strongsubj;negative
risiko;weaksubj;negative
riuh;strongsubj;negative
roboh;weaksubj;negative
rongsokan;strongsubj;negative
rontok;strongsubj;negative
ruam;strongsubj;negative
rumit;strongsubj;negative
rumor;strongsubj;negative
runtuh;strongsubj;negative
rusak;strongsubj;negative
rusuh;strongsubj;negative
sabar;strongsubj;negative
sabotase;weaksubj;negative
sakit;weaksubj;negative
sakit-dibentuk;weaksubj;negative
sakit-didefinisikan;strongsubj;negative
sakit-digunakan;strongsubj;negative
sakit-dipahami;strongsubj;negative
sakit-penggunaan;strongsubj;negative
sakitan;strongsubj;negative
sakitnya ;strongsubj;negative
salah;strongsubj;negative
samar;strongsubj;negative
samaran;strongsubj;negative
sambilan;strongsubj;negative
sampah;strongsubj;negative
sandera;strongsubj;negative
sanggahan;strongsubj;negative
sanksi;strongsubj;negative
sarkasme;strongsubj;negative
sarkastik;strongsubj;negative
saru;weaksubj;negative
satir;weaksubj;negative
satiris;weaksubj;negative
sayangnya;weaksubj;negative
seburuk;weaksubj;negative
sederhana;strongsubj;negative
sedih;strongsubj;negative
sedikit;strongsubj;negative
segan;weaksubj;negative
sejajar;strongsubj;negative
selai;strongsubj;negative
selang;strongsubj;negative
selendang;strongsubj;negative
selingan;strongsubj;negative
selingkuh;weaksubj;negative
selokan;weaksubj;negative
sembarangan;strongsubj;negative
sembrono;weaksubj;negative
semburan;strongsubj;negative
sementara;strongsubj;negative
sempit;strongsubj;negative
semrawut;weaksubj;negative
sendirian;weaksubj;negative
sengit;strongsubj;negative
senonoh;strongsubj;negative
sensasi;weaksubj;negative
sensasional;weaksubj;negative
sensasionil;strongsubj;negative
sentakan;strongsubj;negative
sentimen;strongsubj;negative
sepakan;strongsubj;negative
sepele;strongsubj;negative
serakah;strongsubj;negative
seram;strongsubj;negative
serampangan;strongsubj;negative
serang;strongsubj;negative
serangan;strongsubj;negative
seret;strongsubj;negative
serius;strongsubj;negative
serong;strongsubj;negative
sesal;strongsubj;negative
sesat;strongsubj;negative
setan;strongsubj;negative
setengah;strongsubj;negative
sewenang-wenang;weaksubj;negative
shamefulness;weaksubj;negative
shamelessness;strongsubj;negative
sia;strongsubj;negative
sia-sia;strongsubj;negative
sial;strongsubj;negative
sialan;weaksubj;negative
sih;strongsubj;negative
siksaan;strongsubj;negative
sindiran;strongsubj;negative
sindroma;strongsubj;negative
singgung;strongsubj;negative
singkat;strongsubj;negative
sinis;weaksubj;negative
sinisme;weaksubj;negative
sinting;strongsubj;negative
siput;strongsubj;negative
sirep;strongsubj;negative
sisa-sisa;strongsubj;negative
sisi bawah;strongsubj;negative
sisi buta;strongsubj;negative
siuman;strongsubj;negative
skandal;strongsubj;negative
skeptis;strongsubj;negative
sobek;strongsubj;negative
sok;strongsubj;negative
sombong;strongsubj;negative
sporadis;strongsubj;negative
stagnasi;weaksubj;negative
statis;strongsubj;negative
steal;strongsubj;negative
stereotip;strongsubj;negative
stres;strongsubj;negative
suam;strongsubj;negative
suap;strongsubj;negative
suar;strongsubj;negative
subversif;strongsubj;negative
sukar;strongsubj;negative
sulit;weaksubj;negative
sulitnya;strongsubj;negative
sumbang;strongsubj;negative
sundal;strongsubj;negative
suram;weaksubj;negative
susah;strongsubj;negative
susahkan;strongsubj;negative
syok;strongsubj;negative
tabir ;strongsubj;negative
tabu;strongsubj;negative
tahan;strongsubj;negative
tahanan;strongsubj;negative
tahayul;strongsubj;negative
tahi;strongsubj;negative
tahik;strongsubj;negative
tai;strongsubj;negative
tajam;strongsubj;negative
taji;strongsubj;negative
takhyul;strongsubj;negative
takut;strongsubj;negative
tamak;strongsubj;negative
tamparan;strongsubj;negative
tandus;strongsubj;negative
tantangan;strongsubj;negative
tattoo;strongsubj;negative
tawanan;strongsubj;negative
tawuran;strongsubj;negative
tebal;strongsubj;negative
tegang;strongsubj;negative
teguran;strongsubj;negative
tekanan;strongsubj;negative
telanjang;strongsubj;negative
telat;strongsubj;negative
teliti ;strongsubj;negative
tenggelam;strongsubj;negative
tenggelamnya;strongsubj;negative
tengkar;strongsubj;negative
ter bodohi;strongsubj;negative
ter kasiani;strongsubj;negative
teralihkan;strongsubj;negative
teramat;strongsubj;negative
teramati;strongsubj;negative
terampil;strongsubj;negative
terang-terangan;strongsubj;negative
terangsang;weaksubj;negative
terasing;strongsubj;negative
terbalik;weaksubj;negative
terbandingkan;strongsubj;negative
terbantahkan;strongsubj;negative
terbatas;weaksubj;negative
terbawah;weaksubj;negative
terbayangkan;weaksubj;negative
terbelakang;weaksubj;negative
terbodoh;weaksubj;negative
terbodohi;strongsubj;negative
terbuang;strongsubj;negative
terbujuk;strongsubj;negative
terbukti;weaksubj;negative
terbunuh;weaksubj;negative
terburu ;strongsubj;negative
terburuk;strongsubj;negative
tercela;strongsubj;negative
tercemar;strongsubj;negative
terdefinisi;strongsubj;negative
terdelusi;strongsubj;negative
terduga;weaksubj;negative
terencana;weaksubj;negative
terfragmentasi;weaksubj;negative
tergagap;strongsubj;negative
terganggu;strongsubj;negative
tergenang;strongsubj;negative
tergesa-gesa;strongsubj;negative
terhalang;strongsubj;negative
terhambat;strongsubj;negative
terhina;strongsubj;negative
terhukum;strongsubj;negative
teriakan;strongsubj;negative
terik;strongsubj;negative
terinfeksi;strongsubj;negative
terinfestasi;strongsubj;negative
terjal;strongsubj;negative
terjangan;strongsubj;negative
terjangkau;strongsubj;negative
terjawab;weaksubj;negative
terjelek;weaksubj;negative
terkafir;weaksubj;negative
terkalahkan;weaksubj;negative
terkasiani;weaksubj;negative
terkejut;strongsubj;negative
terkena;strongsubj;negative
terkenal;weaksubj;negative
terkesima;strongsubj;negative
terkuak;strongsubj;negative
terkulai;weaksubj;negative
terkutuk;strongsubj;negative
terlalu;strongsubj;negative
terlambat;weaksubj;negative
terlantar;weaksubj;negative
terlarang;weaksubj;negative
terlepas;weaksubj;negative
terlibat;weaksubj;negative
terluka;strongsubj;negative
terlupakan;strongsubj;negative
termiskin;strongsubj;negative
ternoda;weaksubj;negative
teror;weaksubj;negative
terorirs;weaksubj;negative
terorisme;weaksubj;negative
terpaksa;strongsubj;negative
terpencil;strongsubj;negative
terpendam;weaksubj;negative
terpengaruh;strongsubj;negative
terperangkap;strongsubj;negative
terperanjat;strongsubj;negative
terputus-putus;strongsubj;negative
terror;strongsubj;negative
terrorisme;strongsubj;negative
tersandung;strongsubj;negative
tersangka;strongsubj;negative
tersangkut;strongsubj;negative
tersedak;strongsubj;negative
terselesaikan;strongsubj;negative
terselubung;strongsubj;negative
tersembunyi ;strongsubj;negative
tersendat;strongsubj;negative
tersentak-sentak;strongsubj;negative
terserang;strongsubj;negative
tersiksa;strongsubj;negative
tersinggung;strongsubj;negative
tersumbat;weaksubj;negative
tertagihnya;strongsubj;negative
tertahankan;strongsubj;negative
tertancap;strongsubj;negative
tertandingi;strongsubj;negative
tertarik;strongsubj;negative
tertawaan;strongsubj;negative
tertekan;strongsubj;negative
tertempa;strongsubj;negative
tertindas;strongsubj;negative
tertinggal;strongsubj;negative
tertipu;strongsubj;negative
tertutup;strongsubj;negative
terungkap;strongsubj;negative
terurai;weaksubj;negative
tiba-tiba;weaksubj;negative
tikungan;strongsubj;negative
tikus;strongsubj;negative
timbunan;strongsubj;negative
timidness;strongsubj;negative
timpang;strongsubj;negative
tindas;strongsubj;negative
tinggal;strongsubj;negative
tinju;strongsubj;negative
tipis;strongsubj;negative
tipu;strongsubj;negative
tirani;strongsubj;negative
tkp;strongsubj;negative
tokai;strongsubj;negative
tolak;strongsubj;negative
tolol;strongsubj;negative
topangan;strongsubj;negative
totaliter;strongsubj;negative
tragedi;strongsubj;negative
tragis;strongsubj;negative
traped;strongsubj;negative
trauma;strongsubj;negative
traumatis;strongsubj;negative
tua;weaksubj;negative
tuduhan;weaksubj;negative
tuli;weaksubj;negative
tumbang;strongsubj;negative
tumpah;strongsubj;negative
tumpul;strongsubj;negative
tunggul;strongsubj;negative
tusukan;weaksubj;negative
tutup;weaksubj;negative
uap;strongsubj;negative
ugal-ugalan;strongsubj;negative
ulang;strongsubj;negative
ular ;strongsubj;negative
ultimatum;strongsubj;negative
umpan;strongsubj;negative
umpatan;strongsubj;negative
usang;strongsubj;negative
usil;strongsubj;negative
utang;strongsubj;negative
utuh;strongsubj;negative
vagina;strongsubj;negative
virus;strongsubj;negative
volatil;strongsubj;negative
vulgar;strongsubj;negative
wabah;strongsubj;negative
wajar;strongsubj;negative
waria;strongsubj;negative
was-was;strongsubj;negative
waspada;strongsubj;negative
wastafel;strongsubj;negative
waswas;strongsubj;negative
wkwk;strongsubj;negative
wkwkwk;strongsubj;negative
wkwkwkwk;strongsubj;negative
woy;strongsubj;negative
yahudi;strongsubj;negative
yailah;strongsubj;negative
yatim;strongsubj;negative
